image_id,cluster
3,cluster_LynxID2025_0
5,cluster_LynxID2025_1
12,cluster_LynxID2025_2
13,cluster_LynxID2025_3
18,cluster_LynxID2025_4
19,cluster_LynxID2025_5
27,cluster_LynxID2025_6
33,cluster_LynxID2025_7
36,cluster_LynxID2025_0
45,cluster_LynxID2025_8
46,cluster_LynxID2025_8
47,cluster_LynxID2025_0
48,cluster_LynxID2025_3
49,cluster_LynxID2025_0
55,cluster_LynxID2025_0
58,cluster_LynxID2025_0
61,cluster_LynxID2025_9
62,cluster_LynxID2025_2
63,cluster_LynxID2025_10
64,cluster_LynxID2025_3
65,cluster_LynxID2025_11
67,cluster_LynxID2025_7
68,cluster_LynxID2025_7
74,cluster_LynxID2025_12
81,cluster_LynxID2025_13
84,cluster_LynxID2025_14
85,cluster_LynxID2025_7
86,cluster_LynxID2025_15
89,cluster_LynxID2025_10
90,cluster_LynxID2025_0
94,cluster_LynxID2025_15
97,cluster_LynxID2025_16
98,cluster_LynxID2025_8
106,cluster_LynxID2025_17
113,cluster_LynxID2025_7
123,cluster_LynxID2025_10
124,cluster_LynxID2025_10
126,cluster_LynxID2025_15
131,cluster_LynxID2025_18
137,cluster_LynxID2025_12
139,cluster_LynxID2025_19
145,cluster_LynxID2025_20
150,cluster_LynxID2025_14
163,cluster_LynxID2025_2
166,cluster_LynxID2025_21
167,cluster_LynxID2025_2
168,cluster_LynxID2025_14
171,cluster_LynxID2025_9
173,cluster_LynxID2025_3
182,cluster_LynxID2025_1
183,cluster_LynxID2025_22
186,cluster_LynxID2025_23
188,cluster_LynxID2025_9
190,cluster_LynxID2025_9
192,cluster_LynxID2025_17
195,cluster_LynxID2025_17
202,cluster_LynxID2025_3
203,cluster_LynxID2025_0
205,cluster_LynxID2025_17
209,cluster_LynxID2025_24
210,cluster_LynxID2025_10
213,cluster_LynxID2025_7
216,cluster_LynxID2025_3
219,cluster_LynxID2025_2
221,cluster_LynxID2025_18
228,cluster_LynxID2025_17
231,cluster_LynxID2025_15
240,cluster_LynxID2025_18
242,cluster_LynxID2025_7
245,cluster_LynxID2025_10
264,cluster_LynxID2025_8
266,cluster_LynxID2025_20
273,cluster_LynxID2025_18
276,cluster_LynxID2025_18
280,cluster_LynxID2025_25
282,cluster_LynxID2025_10
286,cluster_LynxID2025_0
289,cluster_LynxID2025_0
293,cluster_LynxID2025_10
294,cluster_LynxID2025_17
296,cluster_LynxID2025_18
311,cluster_LynxID2025_7
312,cluster_LynxID2025_26
315,cluster_LynxID2025_18
338,cluster_LynxID2025_0
347,cluster_LynxID2025_3
357,cluster_LynxID2025_18
359,cluster_LynxID2025_15
361,cluster_LynxID2025_0
366,cluster_LynxID2025_7
368,cluster_LynxID2025_0
373,cluster_LynxID2025_7
375,cluster_LynxID2025_20
378,cluster_LynxID2025_15
380,cluster_LynxID2025_8
397,cluster_LynxID2025_3
411,cluster_LynxID2025_0
415,cluster_LynxID2025_18
422,cluster_LynxID2025_7
423,cluster_LynxID2025_8
424,cluster_LynxID2025_25
427,cluster_LynxID2025_0
429,cluster_LynxID2025_0
431,cluster_LynxID2025_10
432,cluster_LynxID2025_10
437,cluster_LynxID2025_10
439,cluster_LynxID2025_7
443,cluster_LynxID2025_27
454,cluster_LynxID2025_0
459,cluster_LynxID2025_4
465,cluster_LynxID2025_3
469,cluster_LynxID2025_3
470,cluster_LynxID2025_10
474,cluster_LynxID2025_15
475,cluster_LynxID2025_28
478,cluster_LynxID2025_7
479,cluster_LynxID2025_3
480,cluster_LynxID2025_6
481,cluster_LynxID2025_29
482,cluster_LynxID2025_0
491,cluster_LynxID2025_7
494,cluster_LynxID2025_17
500,cluster_LynxID2025_7
501,cluster_LynxID2025_7
507,cluster_LynxID2025_30
509,cluster_LynxID2025_24
512,cluster_LynxID2025_17
515,cluster_LynxID2025_19
516,cluster_LynxID2025_0
519,cluster_LynxID2025_5
520,cluster_LynxID2025_17
522,cluster_LynxID2025_0
524,cluster_LynxID2025_28
526,cluster_LynxID2025_31
530,cluster_LynxID2025_2
537,cluster_LynxID2025_0
544,cluster_LynxID2025_2
547,cluster_LynxID2025_0
549,cluster_LynxID2025_9
551,cluster_LynxID2025_30
552,cluster_LynxID2025_15
555,cluster_LynxID2025_0
559,cluster_LynxID2025_17
562,cluster_LynxID2025_14
565,cluster_LynxID2025_18
567,cluster_LynxID2025_7
569,cluster_LynxID2025_32
570,cluster_LynxID2025_10
573,cluster_LynxID2025_12
577,cluster_LynxID2025_7
578,cluster_LynxID2025_15
579,cluster_LynxID2025_17
580,cluster_LynxID2025_8
583,cluster_LynxID2025_33
584,cluster_LynxID2025_20
588,cluster_LynxID2025_4
589,cluster_LynxID2025_18
591,cluster_LynxID2025_17
592,cluster_LynxID2025_14
594,cluster_LynxID2025_10
595,cluster_LynxID2025_34
599,cluster_LynxID2025_1
602,cluster_LynxID2025_7
603,cluster_LynxID2025_18
611,cluster_LynxID2025_17
620,cluster_LynxID2025_35
625,cluster_LynxID2025_10
626,cluster_LynxID2025_3
628,cluster_LynxID2025_18
630,cluster_LynxID2025_8
636,cluster_LynxID2025_14
643,cluster_LynxID2025_0
645,cluster_LynxID2025_2
648,cluster_LynxID2025_3
649,cluster_LynxID2025_2
651,cluster_LynxID2025_36
655,cluster_LynxID2025_7
656,cluster_LynxID2025_0
662,cluster_LynxID2025_8
669,cluster_LynxID2025_2
670,cluster_LynxID2025_0
672,cluster_LynxID2025_29
673,cluster_LynxID2025_11
676,cluster_LynxID2025_8
678,cluster_LynxID2025_3
683,cluster_LynxID2025_15
685,cluster_LynxID2025_8
690,cluster_LynxID2025_18
694,cluster_LynxID2025_0
699,cluster_LynxID2025_12
704,cluster_LynxID2025_10
707,cluster_LynxID2025_7
711,cluster_LynxID2025_23
712,cluster_LynxID2025_10
713,cluster_LynxID2025_0
715,cluster_LynxID2025_18
719,cluster_LynxID2025_25
722,cluster_LynxID2025_18
724,cluster_LynxID2025_37
726,cluster_LynxID2025_27
730,cluster_LynxID2025_7
734,cluster_LynxID2025_28
735,cluster_LynxID2025_29
738,cluster_LynxID2025_2
739,cluster_LynxID2025_28
741,cluster_LynxID2025_18
749,cluster_LynxID2025_28
750,cluster_LynxID2025_17
751,cluster_LynxID2025_0
753,cluster_LynxID2025_4
760,cluster_LynxID2025_0
761,cluster_LynxID2025_3
764,cluster_LynxID2025_36
766,cluster_LynxID2025_7
770,cluster_LynxID2025_11
776,cluster_LynxID2025_38
781,cluster_LynxID2025_7
782,cluster_LynxID2025_39
784,cluster_LynxID2025_8
786,cluster_LynxID2025_17
787,cluster_LynxID2025_3
790,cluster_LynxID2025_2
791,cluster_LynxID2025_3
793,cluster_LynxID2025_17
794,cluster_LynxID2025_7
795,cluster_LynxID2025_0
797,cluster_LynxID2025_2
798,cluster_LynxID2025_10
800,cluster_LynxID2025_0
804,cluster_LynxID2025_17
808,cluster_LynxID2025_10
817,cluster_LynxID2025_10
819,cluster_LynxID2025_1
824,cluster_LynxID2025_8
840,cluster_LynxID2025_17
849,cluster_LynxID2025_9
855,cluster_LynxID2025_7
859,cluster_LynxID2025_8
865,cluster_LynxID2025_10
871,cluster_LynxID2025_3
872,cluster_LynxID2025_7
874,cluster_LynxID2025_0
881,cluster_LynxID2025_40
886,cluster_LynxID2025_8
887,cluster_LynxID2025_15
893,cluster_LynxID2025_3
897,cluster_LynxID2025_41
904,cluster_LynxID2025_10
907,cluster_LynxID2025_8
915,cluster_LynxID2025_0
917,cluster_LynxID2025_10
920,cluster_LynxID2025_14
939,cluster_LynxID2025_1
941,cluster_LynxID2025_17
945,cluster_LynxID2025_10
951,cluster_LynxID2025_7
962,cluster_LynxID2025_7
963,cluster_LynxID2025_7
964,cluster_LynxID2025_40
969,cluster_LynxID2025_10
980,cluster_LynxID2025_10
983,cluster_LynxID2025_14
985,cluster_LynxID2025_7
990,cluster_LynxID2025_3
991,cluster_LynxID2025_0
992,cluster_LynxID2025_32
994,cluster_LynxID2025_0
995,cluster_LynxID2025_11
1000,cluster_LynxID2025_7
1001,cluster_LynxID2025_16
1005,cluster_LynxID2025_7
1006,cluster_LynxID2025_0
1008,cluster_LynxID2025_2
1011,cluster_LynxID2025_8
1012,cluster_LynxID2025_7
1013,cluster_LynxID2025_26
1019,cluster_LynxID2025_8
1021,cluster_LynxID2025_8
1031,cluster_LynxID2025_2
1034,cluster_LynxID2025_8
1039,cluster_LynxID2025_15
1042,cluster_LynxID2025_0
1045,cluster_LynxID2025_0
1046,cluster_LynxID2025_11
1047,cluster_LynxID2025_7
1048,cluster_LynxID2025_1
1053,cluster_LynxID2025_10
1055,cluster_LynxID2025_10
1057,cluster_LynxID2025_18
1060,cluster_LynxID2025_2
1064,cluster_LynxID2025_20
1065,cluster_LynxID2025_14
1068,cluster_LynxID2025_3
1069,cluster_LynxID2025_7
1071,cluster_LynxID2025_14
1075,cluster_LynxID2025_1
1089,cluster_LynxID2025_30
1090,cluster_LynxID2025_1
1094,cluster_LynxID2025_42
1095,cluster_LynxID2025_0
1096,cluster_LynxID2025_9
1107,cluster_LynxID2025_28
1108,cluster_LynxID2025_18
1111,cluster_LynxID2025_2
1115,cluster_LynxID2025_7
1119,cluster_LynxID2025_7
1120,cluster_LynxID2025_4
1122,cluster_LynxID2025_19
1131,cluster_LynxID2025_25
1135,cluster_LynxID2025_28
1137,cluster_LynxID2025_14
1139,cluster_LynxID2025_18
1143,cluster_LynxID2025_0
1147,cluster_LynxID2025_10
1153,cluster_LynxID2025_0
1154,cluster_LynxID2025_7
1162,cluster_LynxID2025_7
1163,cluster_LynxID2025_0
1164,cluster_LynxID2025_18
1175,cluster_LynxID2025_10
1182,cluster_LynxID2025_8
1191,cluster_LynxID2025_8
1192,cluster_LynxID2025_8
1197,cluster_LynxID2025_27
1198,cluster_LynxID2025_8
1203,cluster_LynxID2025_24
1205,cluster_LynxID2025_0
1207,cluster_LynxID2025_10
1209,cluster_LynxID2025_2
1211,cluster_LynxID2025_7
1213,cluster_LynxID2025_7
1214,cluster_LynxID2025_7
1221,cluster_LynxID2025_8
1223,cluster_LynxID2025_43
1225,cluster_LynxID2025_23
1232,cluster_LynxID2025_0
1233,cluster_LynxID2025_0
1234,cluster_LynxID2025_3
1235,cluster_LynxID2025_7
1237,cluster_LynxID2025_44
1245,cluster_LynxID2025_0
1247,cluster_LynxID2025_0
1248,cluster_LynxID2025_17
1249,cluster_LynxID2025_23
1255,cluster_LynxID2025_15
1259,cluster_LynxID2025_8
1264,cluster_LynxID2025_10
1266,cluster_LynxID2025_17
1267,cluster_LynxID2025_4
1270,cluster_LynxID2025_12
1271,cluster_LynxID2025_4
1277,cluster_LynxID2025_15
1278,cluster_LynxID2025_3
1280,cluster_LynxID2025_0
1288,cluster_LynxID2025_17
1297,cluster_LynxID2025_16
1309,cluster_LynxID2025_20
1311,cluster_LynxID2025_4
1313,cluster_LynxID2025_27
1318,cluster_LynxID2025_25
1322,cluster_LynxID2025_15
1325,cluster_LynxID2025_1
1330,cluster_LynxID2025_10
1335,cluster_LynxID2025_10
1343,cluster_LynxID2025_3
1345,cluster_LynxID2025_3
1349,cluster_LynxID2025_37
1351,cluster_LynxID2025_25
1353,cluster_LynxID2025_7
1363,cluster_LynxID2025_0
1367,cluster_LynxID2025_11
1368,cluster_LynxID2025_30
1370,cluster_LynxID2025_0
1371,cluster_LynxID2025_11
1375,cluster_LynxID2025_7
1385,cluster_LynxID2025_17
1388,cluster_LynxID2025_7
1392,cluster_LynxID2025_18
1394,cluster_LynxID2025_18
1399,cluster_LynxID2025_36
1403,cluster_LynxID2025_10
1406,cluster_LynxID2025_11
1410,cluster_LynxID2025_15
1413,cluster_LynxID2025_18
1416,cluster_LynxID2025_12
1421,cluster_LynxID2025_14
1425,cluster_LynxID2025_7
1427,cluster_LynxID2025_8
1428,cluster_LynxID2025_7
1431,cluster_LynxID2025_18
1432,cluster_LynxID2025_0
1433,cluster_LynxID2025_8
1439,cluster_LynxID2025_2
1441,cluster_LynxID2025_15
1444,cluster_LynxID2025_3
1447,cluster_LynxID2025_7
1453,cluster_LynxID2025_28
1454,cluster_LynxID2025_2
1455,cluster_LynxID2025_3
1457,cluster_LynxID2025_2
1465,cluster_LynxID2025_3
1466,cluster_LynxID2025_0
1474,cluster_LynxID2025_19
1475,cluster_LynxID2025_27
1491,cluster_LynxID2025_0
1492,cluster_LynxID2025_17
1493,cluster_LynxID2025_37
1494,cluster_LynxID2025_8
1504,cluster_LynxID2025_10
1509,cluster_LynxID2025_2
1513,cluster_LynxID2025_17
1525,cluster_LynxID2025_23
1526,cluster_LynxID2025_13
1527,cluster_LynxID2025_8
1538,cluster_LynxID2025_8
1539,cluster_LynxID2025_0
1541,cluster_LynxID2025_10
1545,cluster_LynxID2025_18
1546,cluster_LynxID2025_7
1547,cluster_LynxID2025_33
1550,cluster_LynxID2025_28
1557,cluster_LynxID2025_17
1559,cluster_LynxID2025_9
1566,cluster_LynxID2025_18
1573,cluster_LynxID2025_0
1574,cluster_LynxID2025_11
1575,cluster_LynxID2025_40
1578,cluster_LynxID2025_8
1580,cluster_LynxID2025_35
1583,cluster_LynxID2025_0
1585,cluster_LynxID2025_8
1586,cluster_LynxID2025_18
1588,cluster_LynxID2025_18
1592,cluster_LynxID2025_28
1594,cluster_LynxID2025_10
1596,cluster_LynxID2025_8
1600,cluster_LynxID2025_8
1607,cluster_LynxID2025_7
1610,cluster_LynxID2025_0
1612,cluster_LynxID2025_7
1615,cluster_LynxID2025_8
1616,cluster_LynxID2025_7
1619,cluster_LynxID2025_8
1621,cluster_LynxID2025_0
1625,cluster_LynxID2025_17
1628,cluster_LynxID2025_17
1631,cluster_LynxID2025_8
1632,cluster_LynxID2025_41
1641,cluster_LynxID2025_18
1643,cluster_LynxID2025_8
1651,cluster_LynxID2025_10
1652,cluster_LynxID2025_7
1659,cluster_LynxID2025_3
1660,cluster_LynxID2025_3
1666,cluster_LynxID2025_10
1673,cluster_LynxID2025_45
1674,cluster_LynxID2025_17
1681,cluster_LynxID2025_18
1684,cluster_LynxID2025_17
1688,cluster_LynxID2025_11
1689,cluster_LynxID2025_8
1694,cluster_LynxID2025_18
1701,cluster_LynxID2025_15
1704,cluster_LynxID2025_7
1714,cluster_LynxID2025_19
1725,cluster_LynxID2025_24
1726,cluster_LynxID2025_19
1728,cluster_LynxID2025_40
1735,cluster_LynxID2025_7
1743,cluster_LynxID2025_0
1744,cluster_LynxID2025_8
1749,cluster_LynxID2025_7
1759,cluster_LynxID2025_18
1774,cluster_LynxID2025_7
1776,cluster_LynxID2025_23
1777,cluster_LynxID2025_14
1790,cluster_LynxID2025_3
1795,cluster_LynxID2025_10
1804,cluster_LynxID2025_7
1806,cluster_LynxID2025_14
1812,cluster_LynxID2025_2
1818,cluster_LynxID2025_18
1820,cluster_LynxID2025_3
1823,cluster_LynxID2025_17
1829,cluster_LynxID2025_3
1834,cluster_LynxID2025_2
1835,cluster_LynxID2025_2
1836,cluster_LynxID2025_37
1840,cluster_LynxID2025_14
1843,cluster_LynxID2025_28
1854,cluster_LynxID2025_30
1861,cluster_LynxID2025_18
1867,cluster_LynxID2025_11
1869,cluster_LynxID2025_8
1870,cluster_LynxID2025_12
1871,cluster_LynxID2025_0
1873,cluster_LynxID2025_16
1874,cluster_LynxID2025_18
1878,cluster_LynxID2025_7
1892,cluster_LynxID2025_10
1894,cluster_LynxID2025_3
1897,cluster_LynxID2025_10
1899,cluster_LynxID2025_10
1901,cluster_LynxID2025_10
1903,cluster_LynxID2025_10
1913,cluster_LynxID2025_0
1917,cluster_LynxID2025_10
1921,cluster_LynxID2025_28
1923,cluster_LynxID2025_13
1925,cluster_LynxID2025_8
1930,cluster_LynxID2025_7
1935,cluster_LynxID2025_7
1936,cluster_LynxID2025_1
1937,cluster_LynxID2025_10
1939,cluster_LynxID2025_6
1941,cluster_LynxID2025_33
1943,cluster_LynxID2025_7
1945,cluster_LynxID2025_11
1951,cluster_LynxID2025_37
1955,cluster_LynxID2025_3
1957,cluster_LynxID2025_3
1961,cluster_LynxID2025_10
1965,cluster_LynxID2025_27
1969,cluster_LynxID2025_7
1971,cluster_LynxID2025_23
1975,cluster_LynxID2025_8
1981,cluster_LynxID2025_0
1985,cluster_LynxID2025_15
1991,cluster_LynxID2025_10
2005,cluster_LynxID2025_7
2007,cluster_LynxID2025_10
2008,cluster_LynxID2025_17
2014,cluster_LynxID2025_0
2029,cluster_LynxID2025_10
2030,cluster_LynxID2025_28
2035,cluster_LynxID2025_7
2037,cluster_LynxID2025_8
2038,cluster_LynxID2025_10
2040,cluster_LynxID2025_17
2044,cluster_LynxID2025_7
2049,cluster_LynxID2025_26
2057,cluster_LynxID2025_10
2058,cluster_LynxID2025_0
2078,cluster_LynxID2025_8
2079,cluster_LynxID2025_14
2081,cluster_LynxID2025_28
2082,cluster_LynxID2025_17
2086,cluster_LynxID2025_23
2090,cluster_LynxID2025_8
2091,cluster_LynxID2025_2
2105,cluster_LynxID2025_9
2106,cluster_LynxID2025_0
2107,cluster_LynxID2025_11
2110,cluster_LynxID2025_3
2117,cluster_LynxID2025_8
2118,cluster_LynxID2025_20
2119,cluster_LynxID2025_7
2124,cluster_LynxID2025_0
2127,cluster_LynxID2025_2
2129,cluster_LynxID2025_2
2136,cluster_LynxID2025_9
2137,cluster_LynxID2025_3
2144,cluster_LynxID2025_33
2146,cluster_LynxID2025_2
2151,cluster_LynxID2025_3
2161,cluster_LynxID2025_34
2164,cluster_LynxID2025_0
2166,cluster_LynxID2025_12
2169,cluster_LynxID2025_26
2170,cluster_LynxID2025_0
2174,cluster_LynxID2025_10
2178,cluster_LynxID2025_0
2184,cluster_LynxID2025_28
2190,cluster_LynxID2025_17
2196,cluster_LynxID2025_0
2198,cluster_LynxID2025_37
2200,cluster_LynxID2025_10
2205,cluster_LynxID2025_10
2207,cluster_LynxID2025_18
2208,cluster_LynxID2025_2
2219,cluster_LynxID2025_4
2220,cluster_LynxID2025_18
2222,cluster_LynxID2025_3
2226,cluster_LynxID2025_18
2228,cluster_LynxID2025_37
2231,cluster_LynxID2025_7
2232,cluster_LynxID2025_0
2235,cluster_LynxID2025_18
2246,cluster_LynxID2025_23
2248,cluster_LynxID2025_0
2257,cluster_LynxID2025_37
2265,cluster_LynxID2025_0
2268,cluster_LynxID2025_18
2272,cluster_LynxID2025_27
2283,cluster_LynxID2025_6
2290,cluster_LynxID2025_7
2292,cluster_LynxID2025_8
2293,cluster_LynxID2025_37
2294,cluster_LynxID2025_23
2301,cluster_LynxID2025_2
2303,cluster_LynxID2025_7
2307,cluster_LynxID2025_18
2313,cluster_LynxID2025_7
2320,cluster_LynxID2025_27
2322,cluster_LynxID2025_3
2324,cluster_LynxID2025_8
2326,cluster_LynxID2025_14
2330,cluster_LynxID2025_0
2336,cluster_LynxID2025_2
2338,cluster_LynxID2025_8
2343,cluster_LynxID2025_14
2369,cluster_LynxID2025_29
2375,cluster_LynxID2025_0
2379,cluster_LynxID2025_19
2385,cluster_LynxID2025_8
2388,cluster_LynxID2025_17
2389,cluster_LynxID2025_17
2390,cluster_LynxID2025_0
2399,cluster_LynxID2025_7
2403,cluster_LynxID2025_3
2404,cluster_LynxID2025_2
2406,cluster_LynxID2025_15
2408,cluster_LynxID2025_8
2409,cluster_LynxID2025_8
2411,cluster_LynxID2025_7
2426,cluster_LynxID2025_7
2435,cluster_LynxID2025_3
2437,cluster_LynxID2025_0
2441,cluster_LynxID2025_8
2469,cluster_LynxID2025_12
2472,cluster_LynxID2025_1
2473,cluster_LynxID2025_7
2477,cluster_LynxID2025_11
2478,cluster_LynxID2025_10
2487,cluster_LynxID2025_25
2491,cluster_LynxID2025_8
2495,cluster_LynxID2025_14
2496,cluster_LynxID2025_8
2501,cluster_LynxID2025_2
2511,cluster_LynxID2025_23
2512,cluster_LynxID2025_17
2518,cluster_LynxID2025_25
2525,cluster_LynxID2025_35
2527,cluster_LynxID2025_12
2529,cluster_LynxID2025_7
2530,cluster_LynxID2025_19
2534,cluster_LynxID2025_15
2544,cluster_LynxID2025_23
2545,cluster_LynxID2025_12
2546,cluster_LynxID2025_18
2549,cluster_LynxID2025_7
2552,cluster_LynxID2025_8
2554,cluster_LynxID2025_25
2555,cluster_LynxID2025_17
2562,cluster_LynxID2025_8
2564,cluster_LynxID2025_8
2580,cluster_LynxID2025_37
2591,cluster_LynxID2025_46
2592,cluster_LynxID2025_2
2601,cluster_LynxID2025_10
2606,cluster_LynxID2025_8
2613,cluster_LynxID2025_3
2625,cluster_LynxID2025_2
2626,cluster_LynxID2025_46
2631,cluster_LynxID2025_17
2638,cluster_LynxID2025_15
2643,cluster_LynxID2025_3
2644,cluster_LynxID2025_14
2648,cluster_LynxID2025_8
2654,cluster_LynxID2025_28
2655,cluster_LynxID2025_18
2657,cluster_LynxID2025_12
2687,cluster_LynxID2025_2
2689,cluster_LynxID2025_32
2705,cluster_LynxID2025_7
2706,cluster_LynxID2025_28
2709,cluster_LynxID2025_18
2713,cluster_LynxID2025_3
2718,cluster_LynxID2025_10
2721,cluster_LynxID2025_23
2724,cluster_LynxID2025_8
2725,cluster_LynxID2025_14
2726,cluster_LynxID2025_14
2731,cluster_LynxID2025_43
2733,cluster_LynxID2025_17
2734,cluster_LynxID2025_1
2744,cluster_LynxID2025_2
2754,cluster_LynxID2025_7
2758,cluster_LynxID2025_19
2759,cluster_LynxID2025_17
2760,cluster_LynxID2025_14
2770,cluster_LynxID2025_8
2787,cluster_LynxID2025_18
2789,cluster_LynxID2025_17
2790,cluster_LynxID2025_3
2794,cluster_LynxID2025_7
2797,cluster_LynxID2025_47
2801,cluster_LynxID2025_0
2803,cluster_LynxID2025_0
2807,cluster_LynxID2025_3
2811,cluster_LynxID2025_7
2812,cluster_LynxID2025_8
2823,cluster_LynxID2025_0
2829,cluster_LynxID2025_17
2831,cluster_LynxID2025_0
2834,cluster_LynxID2025_1
2840,cluster_LynxID2025_28
2841,cluster_LynxID2025_8
2844,cluster_LynxID2025_10
2845,cluster_LynxID2025_10
2846,cluster_LynxID2025_10
2847,cluster_LynxID2025_3
2848,cluster_LynxID2025_10
2851,cluster_LynxID2025_0
2865,cluster_LynxID2025_2
2871,cluster_LynxID2025_18
2873,cluster_LynxID2025_10
2876,cluster_LynxID2025_2
2889,cluster_LynxID2025_20
2893,cluster_LynxID2025_48
2894,cluster_LynxID2025_26
2896,cluster_LynxID2025_0
2914,cluster_LynxID2025_8
2920,cluster_LynxID2025_2
2921,cluster_LynxID2025_17
2933,cluster_LynxID2025_18
2934,cluster_LynxID2025_49
2942,cluster_LynxID2025_28
2948,cluster_LynxID2025_19
2949,cluster_LynxID2025_3
2951,cluster_LynxID2025_34
2952,cluster_LynxID2025_8
2957,cluster_LynxID2025_37
2961,cluster_LynxID2025_21
2963,cluster_LynxID2025_16
2968,cluster_LynxID2025_27
2973,cluster_LynxID2025_27
2976,cluster_LynxID2025_0
2978,cluster_LynxID2025_3
2981,cluster_LynxID2025_26
2985,cluster_LynxID2025_7
2999,cluster_LynxID2025_7
3001,cluster_LynxID2025_0
3003,cluster_LynxID2025_2
3007,cluster_LynxID2025_14
3013,cluster_LynxID2025_36
3014,cluster_LynxID2025_50
3018,cluster_LynxID2025_2
3020,cluster_LynxID2025_7
3021,cluster_LynxID2025_7
3027,cluster_LynxID2025_10
3029,cluster_LynxID2025_18
3032,cluster_LynxID2025_18
3034,cluster_LynxID2025_15
3035,cluster_LynxID2025_0
3036,cluster_LynxID2025_27
3037,cluster_LynxID2025_18
3038,cluster_LynxID2025_15
3045,cluster_LynxID2025_8
3046,cluster_LynxID2025_17
3055,cluster_LynxID2025_30
3059,cluster_LynxID2025_0
3069,cluster_LynxID2025_10
3074,cluster_LynxID2025_48
3086,cluster_LynxID2025_15
3090,cluster_LynxID2025_8
3091,cluster_LynxID2025_51
3097,cluster_LynxID2025_3
3099,cluster_LynxID2025_0
3106,cluster_LynxID2025_14
3108,cluster_LynxID2025_1
3111,cluster_LynxID2025_0
3116,cluster_LynxID2025_18
3118,cluster_LynxID2025_37
3130,cluster_LynxID2025_2
3133,cluster_LynxID2025_0
3138,cluster_LynxID2025_7
3142,cluster_LynxID2025_0
3144,cluster_LynxID2025_0
3153,cluster_LynxID2025_23
3155,cluster_LynxID2025_28
3156,cluster_LynxID2025_2
3157,cluster_LynxID2025_2
3167,cluster_LynxID2025_10
3177,cluster_LynxID2025_48
3178,cluster_LynxID2025_35
3181,cluster_LynxID2025_12
3183,cluster_LynxID2025_10
3193,cluster_LynxID2025_14
3201,cluster_LynxID2025_43
3204,cluster_LynxID2025_2
3205,cluster_LynxID2025_3
3215,cluster_LynxID2025_2
3217,cluster_LynxID2025_12
3220,cluster_LynxID2025_19
3221,cluster_LynxID2025_3
3222,cluster_LynxID2025_8
3231,cluster_LynxID2025_7
3232,cluster_LynxID2025_18
3239,cluster_LynxID2025_17
3242,cluster_LynxID2025_27
3245,cluster_LynxID2025_2
3249,cluster_LynxID2025_1
3256,cluster_LynxID2025_3
3259,cluster_LynxID2025_2
3261,cluster_LynxID2025_8
3263,cluster_LynxID2025_7
3267,cluster_LynxID2025_51
3270,cluster_LynxID2025_0
3274,cluster_LynxID2025_0
3277,cluster_LynxID2025_1
3281,cluster_LynxID2025_33
3284,cluster_LynxID2025_25
3286,cluster_LynxID2025_11
3287,cluster_LynxID2025_28
3297,cluster_LynxID2025_37
3305,cluster_LynxID2025_0
3310,cluster_LynxID2025_8
3314,cluster_LynxID2025_28
3323,cluster_LynxID2025_8
3331,cluster_LynxID2025_8
3335,cluster_LynxID2025_18
3338,cluster_LynxID2025_12
3339,cluster_LynxID2025_11
3344,cluster_LynxID2025_2
3348,cluster_LynxID2025_3
3352,cluster_LynxID2025_8
3353,cluster_LynxID2025_7
3356,cluster_LynxID2025_10
3357,cluster_LynxID2025_11
3358,cluster_LynxID2025_29
3366,cluster_LynxID2025_20
3372,cluster_LynxID2025_3
3380,cluster_LynxID2025_0
3382,cluster_LynxID2025_7
3386,cluster_LynxID2025_28
3389,cluster_LynxID2025_7
3390,cluster_LynxID2025_23
3400,cluster_LynxID2025_17
3401,cluster_LynxID2025_0
3409,cluster_LynxID2025_2
3412,cluster_LynxID2025_17
3416,cluster_LynxID2025_7
3418,cluster_LynxID2025_30
3420,cluster_LynxID2025_10
3424,cluster_LynxID2025_0
3427,cluster_LynxID2025_25
3429,cluster_LynxID2025_8
3434,cluster_LynxID2025_2
3435,cluster_LynxID2025_12
3436,cluster_LynxID2025_37
3437,cluster_LynxID2025_28
3439,cluster_LynxID2025_17
3441,cluster_LynxID2025_13
3446,cluster_LynxID2025_8
3449,cluster_LynxID2025_8
3450,cluster_LynxID2025_36
3452,cluster_LynxID2025_8
3469,cluster_LynxID2025_6
3474,cluster_LynxID2025_19
3477,cluster_LynxID2025_45
3480,cluster_LynxID2025_10
3481,cluster_LynxID2025_23
3484,cluster_LynxID2025_7
3487,cluster_LynxID2025_8
3490,cluster_LynxID2025_10
3494,cluster_LynxID2025_0
3497,cluster_LynxID2025_7
3500,cluster_LynxID2025_0
3501,cluster_LynxID2025_0
3502,cluster_LynxID2025_28
3508,cluster_LynxID2025_7
3511,cluster_LynxID2025_27
3513,cluster_LynxID2025_23
3521,cluster_LynxID2025_2
3524,cluster_LynxID2025_7
3526,cluster_LynxID2025_12
3529,cluster_LynxID2025_0
3530,cluster_LynxID2025_2
3539,cluster_LynxID2025_23
3540,cluster_LynxID2025_2
3542,cluster_LynxID2025_17
3545,cluster_LynxID2025_10
3548,cluster_LynxID2025_8
3550,cluster_LynxID2025_35
3565,cluster_LynxID2025_10
3566,cluster_LynxID2025_17
3568,cluster_LynxID2025_40
3570,cluster_LynxID2025_8
3574,cluster_LynxID2025_0
3582,cluster_LynxID2025_0
3585,cluster_LynxID2025_17
3595,cluster_LynxID2025_8
3597,cluster_LynxID2025_10
3605,cluster_LynxID2025_25
3626,cluster_LynxID2025_2
3633,cluster_LynxID2025_1
3638,cluster_LynxID2025_8
3643,cluster_LynxID2025_17
3645,cluster_LynxID2025_3
3648,cluster_LynxID2025_0
3654,cluster_LynxID2025_10
3655,cluster_LynxID2025_10
3657,cluster_LynxID2025_35
3660,cluster_LynxID2025_18
3666,cluster_LynxID2025_0
3670,cluster_LynxID2025_12
3672,cluster_LynxID2025_7
3675,cluster_LynxID2025_4
3676,cluster_LynxID2025_13
3677,cluster_LynxID2025_7
3682,cluster_LynxID2025_8
3690,cluster_LynxID2025_7
3691,cluster_LynxID2025_7
3692,cluster_LynxID2025_29
3696,cluster_LynxID2025_3
3698,cluster_LynxID2025_7
3706,cluster_LynxID2025_7
3725,cluster_LynxID2025_26
3727,cluster_LynxID2025_10
3729,cluster_LynxID2025_24
3739,cluster_LynxID2025_0
3749,cluster_LynxID2025_11
3750,cluster_LynxID2025_35
3762,cluster_LynxID2025_29
3763,cluster_LynxID2025_3
3766,cluster_LynxID2025_10
3768,cluster_LynxID2025_11
3793,cluster_LynxID2025_17
3794,cluster_LynxID2025_17
3808,cluster_LynxID2025_10
3822,cluster_LynxID2025_17
3823,cluster_LynxID2025_10
3836,cluster_LynxID2025_3
3837,cluster_LynxID2025_27
3849,cluster_LynxID2025_18
3861,cluster_LynxID2025_0
3862,cluster_LynxID2025_8
3866,cluster_LynxID2025_1
3867,cluster_LynxID2025_28
3874,cluster_LynxID2025_17
3876,cluster_LynxID2025_2
3887,cluster_LynxID2025_18
3897,cluster_LynxID2025_10
3900,cluster_LynxID2025_2
3902,cluster_LynxID2025_7
5291,cluster_SalamanderID2025_0
5292,cluster_SalamanderID2025_1
5293,cluster_SalamanderID2025_2
5294,cluster_SalamanderID2025_3
5295,cluster_SalamanderID2025_4
5296,cluster_SalamanderID2025_5
5297,cluster_SalamanderID2025_6
5298,cluster_SalamanderID2025_7
5299,cluster_SalamanderID2025_8
5300,cluster_SalamanderID2025_9
5301,cluster_SalamanderID2025_10
5302,cluster_SalamanderID2025_11
5303,cluster_SalamanderID2025_12
5304,cluster_SalamanderID2025_11
5305,cluster_SalamanderID2025_13
5306,cluster_SalamanderID2025_14
5307,cluster_SalamanderID2025_14
5308,cluster_SalamanderID2025_15
5309,cluster_SalamanderID2025_16
5310,cluster_SalamanderID2025_17
5311,cluster_SalamanderID2025_18
5312,cluster_SalamanderID2025_19
5313,cluster_SalamanderID2025_19
5314,cluster_SalamanderID2025_20
5315,cluster_SalamanderID2025_14
5316,cluster_SalamanderID2025_21
5317,cluster_SalamanderID2025_15
5318,cluster_SalamanderID2025_22
5319,cluster_SalamanderID2025_23
5320,cluster_SalamanderID2025_24
5321,cluster_SalamanderID2025_25
5322,cluster_SalamanderID2025_26
5323,cluster_SalamanderID2025_27
5324,cluster_SalamanderID2025_6
5325,cluster_SalamanderID2025_28
5326,cluster_SalamanderID2025_23
5327,cluster_SalamanderID2025_29
5328,cluster_SalamanderID2025_30
5329,cluster_SalamanderID2025_21
5330,cluster_SalamanderID2025_31
5331,cluster_SalamanderID2025_32
5332,cluster_SalamanderID2025_33
5333,cluster_SalamanderID2025_34
5334,cluster_SalamanderID2025_35
5335,cluster_SalamanderID2025_36
5336,cluster_SalamanderID2025_37
5337,cluster_SalamanderID2025_38
5338,cluster_SalamanderID2025_39
5339,cluster_SalamanderID2025_40
5340,cluster_SalamanderID2025_41
5341,cluster_SalamanderID2025_20
5342,cluster_SalamanderID2025_42
5343,cluster_SalamanderID2025_41
5344,cluster_SalamanderID2025_32
5345,cluster_SalamanderID2025_43
5346,cluster_SalamanderID2025_17
5347,cluster_SalamanderID2025_44
5348,cluster_SalamanderID2025_45
5349,cluster_SalamanderID2025_46
5350,cluster_SalamanderID2025_47
5351,cluster_SalamanderID2025_48
5352,cluster_SalamanderID2025_49
5353,cluster_SalamanderID2025_21
5354,cluster_SalamanderID2025_50
5355,cluster_SalamanderID2025_20
5356,cluster_SalamanderID2025_25
5357,cluster_SalamanderID2025_51
5358,cluster_SalamanderID2025_52
5359,cluster_SalamanderID2025_53
5360,cluster_SalamanderID2025_54
5361,cluster_SalamanderID2025_55
5362,cluster_SalamanderID2025_56
5363,cluster_SalamanderID2025_57
5364,cluster_SalamanderID2025_58
5365,cluster_SalamanderID2025_51
5366,cluster_SalamanderID2025_59
5367,cluster_SalamanderID2025_60
5368,cluster_SalamanderID2025_61
5369,cluster_SalamanderID2025_21
5370,cluster_SalamanderID2025_55
5371,cluster_SalamanderID2025_62
5372,cluster_SalamanderID2025_43
5373,cluster_SalamanderID2025_63
5374,cluster_SalamanderID2025_64
5375,cluster_SalamanderID2025_48
5376,cluster_SalamanderID2025_65
5377,cluster_SalamanderID2025_42
5378,cluster_SalamanderID2025_6
5379,cluster_SalamanderID2025_63
5380,cluster_SalamanderID2025_66
5381,cluster_SalamanderID2025_26
5382,cluster_SalamanderID2025_49
5383,cluster_SalamanderID2025_26
5384,cluster_SalamanderID2025_67
5385,cluster_SalamanderID2025_68
5386,cluster_SalamanderID2025_69
5387,cluster_SalamanderID2025_70
5388,cluster_SalamanderID2025_71
5389,cluster_SalamanderID2025_72
5390,cluster_SalamanderID2025_73
5391,cluster_SalamanderID2025_4
5392,cluster_SalamanderID2025_24
5393,cluster_SalamanderID2025_74
5394,cluster_SalamanderID2025_43
5395,cluster_SalamanderID2025_75
5396,cluster_SalamanderID2025_76
5397,cluster_SalamanderID2025_77
5398,cluster_SalamanderID2025_78
5399,cluster_SalamanderID2025_42
5400,cluster_SalamanderID2025_79
5401,cluster_SalamanderID2025_80
5402,cluster_SalamanderID2025_69
5403,cluster_SalamanderID2025_81
5404,cluster_SalamanderID2025_82
5405,cluster_SalamanderID2025_83
5406,cluster_SalamanderID2025_84
5407,cluster_SalamanderID2025_85
5408,cluster_SalamanderID2025_86
5409,cluster_SalamanderID2025_80
5410,cluster_SalamanderID2025_87
5411,cluster_SalamanderID2025_42
5412,cluster_SalamanderID2025_7
5413,cluster_SalamanderID2025_48
5414,cluster_SalamanderID2025_88
5415,cluster_SalamanderID2025_89
5416,cluster_SalamanderID2025_90
5417,cluster_SalamanderID2025_37
5418,cluster_SalamanderID2025_91
5419,cluster_SalamanderID2025_92
5420,cluster_SalamanderID2025_93
5421,cluster_SalamanderID2025_94
5422,cluster_SalamanderID2025_95
5423,cluster_SalamanderID2025_96
5424,cluster_SalamanderID2025_97
5425,cluster_SalamanderID2025_84
5426,cluster_SalamanderID2025_48
5427,cluster_SalamanderID2025_98
5428,cluster_SalamanderID2025_99
5429,cluster_SalamanderID2025_100
5430,cluster_SalamanderID2025_91
5431,cluster_SalamanderID2025_84
5432,cluster_SalamanderID2025_35
5433,cluster_SalamanderID2025_42
5434,cluster_SalamanderID2025_101
5435,cluster_SalamanderID2025_102
5436,cluster_SalamanderID2025_103
5437,cluster_SalamanderID2025_16
5438,cluster_SalamanderID2025_104
5439,cluster_SalamanderID2025_61
5440,cluster_SalamanderID2025_0
5441,cluster_SalamanderID2025_105
5442,cluster_SalamanderID2025_106
5443,cluster_SalamanderID2025_107
5444,cluster_SalamanderID2025_108
5445,cluster_SalamanderID2025_109
5446,cluster_SalamanderID2025_110
5447,cluster_SalamanderID2025_100
5448,cluster_SalamanderID2025_32
5449,cluster_SalamanderID2025_101
5450,cluster_SalamanderID2025_111
5451,cluster_SalamanderID2025_112
5452,cluster_SalamanderID2025_76
5453,cluster_SalamanderID2025_61
5454,cluster_SalamanderID2025_113
5455,cluster_SalamanderID2025_114
5456,cluster_SalamanderID2025_113
5457,cluster_SalamanderID2025_115
5458,cluster_SalamanderID2025_116
5459,cluster_SalamanderID2025_117
5460,cluster_SalamanderID2025_116
5461,cluster_SalamanderID2025_118
5462,cluster_SalamanderID2025_52
5463,cluster_SalamanderID2025_76
5464,cluster_SalamanderID2025_57
5465,cluster_SalamanderID2025_76
5466,cluster_SalamanderID2025_119
5467,cluster_SalamanderID2025_117
5468,cluster_SalamanderID2025_31
5469,cluster_SalamanderID2025_120
5470,cluster_SalamanderID2025_121
5471,cluster_SalamanderID2025_122
5472,cluster_SalamanderID2025_123
5473,cluster_SalamanderID2025_19
5474,cluster_SalamanderID2025_124
5475,cluster_SalamanderID2025_125
5476,cluster_SalamanderID2025_126
5477,cluster_SalamanderID2025_108
5478,cluster_SalamanderID2025_127
5479,cluster_SalamanderID2025_128
5480,cluster_SalamanderID2025_129
5481,cluster_SalamanderID2025_130
5482,cluster_SalamanderID2025_32
5483,cluster_SalamanderID2025_131
5484,cluster_SalamanderID2025_17
5485,cluster_SalamanderID2025_132
5486,cluster_SalamanderID2025_133
5487,cluster_SalamanderID2025_32
5488,cluster_SalamanderID2025_76
5489,cluster_SalamanderID2025_134
5490,cluster_SalamanderID2025_135
5491,cluster_SalamanderID2025_136
5492,cluster_SalamanderID2025_66
5493,cluster_SalamanderID2025_137
5494,cluster_SalamanderID2025_42
5495,cluster_SalamanderID2025_138
5496,cluster_SalamanderID2025_8
5497,cluster_SalamanderID2025_139
5498,cluster_SalamanderID2025_140
5499,cluster_SalamanderID2025_141
5500,cluster_SalamanderID2025_142
5501,cluster_SalamanderID2025_99
5502,cluster_SalamanderID2025_39
5503,cluster_SalamanderID2025_143
5504,cluster_SalamanderID2025_144
5505,cluster_SalamanderID2025_145
5506,cluster_SalamanderID2025_146
5507,cluster_SalamanderID2025_61
5508,cluster_SalamanderID2025_16
5509,cluster_SalamanderID2025_93
5510,cluster_SalamanderID2025_82
5511,cluster_SalamanderID2025_54
5512,cluster_SalamanderID2025_20
5513,cluster_SalamanderID2025_129
5514,cluster_SalamanderID2025_147
5515,cluster_SalamanderID2025_148
5516,cluster_SalamanderID2025_65
5517,cluster_SalamanderID2025_149
5518,cluster_SalamanderID2025_33
5519,cluster_SalamanderID2025_150
5520,cluster_SalamanderID2025_151
5521,cluster_SalamanderID2025_94
5522,cluster_SalamanderID2025_152
5523,cluster_SalamanderID2025_89
5524,cluster_SalamanderID2025_42
5525,cluster_SalamanderID2025_32
5526,cluster_SalamanderID2025_153
5527,cluster_SalamanderID2025_154
5528,cluster_SalamanderID2025_155
5529,cluster_SalamanderID2025_156
5530,cluster_SalamanderID2025_157
5531,cluster_SalamanderID2025_158
5532,cluster_SalamanderID2025_9
5533,cluster_SalamanderID2025_159
5534,cluster_SalamanderID2025_88
5535,cluster_SalamanderID2025_104
5536,cluster_SalamanderID2025_160
5537,cluster_SalamanderID2025_161
5538,cluster_SalamanderID2025_162
5539,cluster_SalamanderID2025_148
5540,cluster_SalamanderID2025_99
5541,cluster_SalamanderID2025_148
5542,cluster_SalamanderID2025_89
5543,cluster_SalamanderID2025_47
5544,cluster_SalamanderID2025_163
5545,cluster_SalamanderID2025_164
5546,cluster_SalamanderID2025_59
5547,cluster_SalamanderID2025_165
5548,cluster_SalamanderID2025_96
5549,cluster_SalamanderID2025_126
5550,cluster_SalamanderID2025_86
5551,cluster_SalamanderID2025_49
5552,cluster_SalamanderID2025_166
5553,cluster_SalamanderID2025_156
5554,cluster_SalamanderID2025_10
5555,cluster_SalamanderID2025_167
5556,cluster_SalamanderID2025_16
5557,cluster_SalamanderID2025_168
5558,cluster_SalamanderID2025_169
5559,cluster_SalamanderID2025_141
5560,cluster_SalamanderID2025_42
5561,cluster_SalamanderID2025_170
5562,cluster_SalamanderID2025_171
5563,cluster_SalamanderID2025_118
5564,cluster_SalamanderID2025_172
5565,cluster_SalamanderID2025_173
5566,cluster_SalamanderID2025_174
5567,cluster_SalamanderID2025_173
5568,cluster_SalamanderID2025_175
5569,cluster_SalamanderID2025_175
5570,cluster_SalamanderID2025_175
5571,cluster_SalamanderID2025_176
5572,cluster_SalamanderID2025_177
5573,cluster_SalamanderID2025_178
5574,cluster_SalamanderID2025_179
5575,cluster_SalamanderID2025_180
5576,cluster_SalamanderID2025_142
5577,cluster_SalamanderID2025_181
5578,cluster_SalamanderID2025_182
5579,cluster_SalamanderID2025_21
5580,cluster_SalamanderID2025_125
5581,cluster_SalamanderID2025_48
5582,cluster_SalamanderID2025_42
5583,cluster_SalamanderID2025_183
5584,cluster_SalamanderID2025_184
5585,cluster_SalamanderID2025_21
5586,cluster_SalamanderID2025_185
5587,cluster_SalamanderID2025_15
5588,cluster_SalamanderID2025_186
5589,cluster_SalamanderID2025_187
5590,cluster_SalamanderID2025_188
5591,cluster_SalamanderID2025_102
5592,cluster_SalamanderID2025_189
5593,cluster_SalamanderID2025_190
5594,cluster_SalamanderID2025_175
5595,cluster_SalamanderID2025_144
5596,cluster_SalamanderID2025_16
5597,cluster_SalamanderID2025_191
5598,cluster_SalamanderID2025_192
5599,cluster_SalamanderID2025_193
5600,cluster_SalamanderID2025_194
5601,cluster_SalamanderID2025_34
5602,cluster_SalamanderID2025_34
5603,cluster_SalamanderID2025_34
5604,cluster_SalamanderID2025_195
5605,cluster_SalamanderID2025_43
5606,cluster_SalamanderID2025_165
5607,cluster_SalamanderID2025_196
5608,cluster_SalamanderID2025_197
5609,cluster_SalamanderID2025_196
5610,cluster_SalamanderID2025_137
5611,cluster_SalamanderID2025_121
5612,cluster_SalamanderID2025_55
5613,cluster_SalamanderID2025_42
5614,cluster_SalamanderID2025_198
5615,cluster_SalamanderID2025_26
5616,cluster_SalamanderID2025_42
5617,cluster_SalamanderID2025_149
5618,cluster_SalamanderID2025_199
5619,cluster_SalamanderID2025_83
5620,cluster_SalamanderID2025_21
5621,cluster_SalamanderID2025_200
5622,cluster_SalamanderID2025_201
5623,cluster_SalamanderID2025_202
5624,cluster_SalamanderID2025_203
5625,cluster_SalamanderID2025_42
5626,cluster_SalamanderID2025_204
5627,cluster_SalamanderID2025_205
5628,cluster_SalamanderID2025_206
5629,cluster_SalamanderID2025_63
5630,cluster_SalamanderID2025_86
5631,cluster_SalamanderID2025_207
5632,cluster_SalamanderID2025_116
5633,cluster_SalamanderID2025_137
5634,cluster_SalamanderID2025_208
5635,cluster_SalamanderID2025_209
5636,cluster_SalamanderID2025_210
5637,cluster_SalamanderID2025_211
5638,cluster_SalamanderID2025_86
5639,cluster_SalamanderID2025_212
5640,cluster_SalamanderID2025_118
5641,cluster_SalamanderID2025_138
5642,cluster_SalamanderID2025_76
5643,cluster_SalamanderID2025_213
5644,cluster_SalamanderID2025_118
5645,cluster_SalamanderID2025_37
5646,cluster_SalamanderID2025_37
5647,cluster_SalamanderID2025_61
5648,cluster_SalamanderID2025_117
5649,cluster_SalamanderID2025_205
5650,cluster_SalamanderID2025_78
5651,cluster_SalamanderID2025_214
5652,cluster_SalamanderID2025_23
5653,cluster_SalamanderID2025_78
5654,cluster_SalamanderID2025_42
5655,cluster_SalamanderID2025_57
5656,cluster_SalamanderID2025_57
5657,cluster_SalamanderID2025_215
5658,cluster_SalamanderID2025_42
5659,cluster_SalamanderID2025_57
5660,cluster_SalamanderID2025_42
5661,cluster_SalamanderID2025_216
5662,cluster_SalamanderID2025_217
5663,cluster_SalamanderID2025_153
5664,cluster_SalamanderID2025_177
5665,cluster_SalamanderID2025_218
5666,cluster_SalamanderID2025_219
5667,cluster_SalamanderID2025_66
5668,cluster_SalamanderID2025_204
5669,cluster_SalamanderID2025_220
5670,cluster_SalamanderID2025_219
5671,cluster_SalamanderID2025_221
5672,cluster_SalamanderID2025_65
5673,cluster_SalamanderID2025_43
5674,cluster_SalamanderID2025_100
5675,cluster_SalamanderID2025_43
5676,cluster_SalamanderID2025_222
5677,cluster_SalamanderID2025_182
5678,cluster_SalamanderID2025_92
5679,cluster_SalamanderID2025_223
5680,cluster_SalamanderID2025_66
5681,cluster_SalamanderID2025_203
5682,cluster_SalamanderID2025_224
5683,cluster_SalamanderID2025_135
5684,cluster_SalamanderID2025_68
5685,cluster_SalamanderID2025_221
5686,cluster_SalamanderID2025_53
5687,cluster_SalamanderID2025_225
5688,cluster_SalamanderID2025_108
5689,cluster_SalamanderID2025_32
5690,cluster_SalamanderID2025_154
5691,cluster_SalamanderID2025_223
5692,cluster_SalamanderID2025_226
5693,cluster_SalamanderID2025_227
5694,cluster_SalamanderID2025_159
5695,cluster_SalamanderID2025_228
5696,cluster_SalamanderID2025_229
5697,cluster_SalamanderID2025_230
5698,cluster_SalamanderID2025_231
5699,cluster_SalamanderID2025_114
5700,cluster_SalamanderID2025_1
5701,cluster_SalamanderID2025_149
5702,cluster_SalamanderID2025_43
5703,cluster_SalamanderID2025_48
5704,cluster_SalamanderID2025_53
5705,cluster_SalamanderID2025_208
5706,cluster_SalamanderID2025_232
5707,cluster_SalamanderID2025_42
5708,cluster_SalamanderID2025_233
5709,cluster_SalamanderID2025_234
5710,cluster_SalamanderID2025_66
5711,cluster_SalamanderID2025_235
5712,cluster_SalamanderID2025_236
5713,cluster_SalamanderID2025_43
5714,cluster_SalamanderID2025_237
5715,cluster_SalamanderID2025_137
5716,cluster_SalamanderID2025_238
5717,cluster_SalamanderID2025_53
5718,cluster_SalamanderID2025_54
5719,cluster_SalamanderID2025_239
5720,cluster_SalamanderID2025_129
5721,cluster_SalamanderID2025_240
5722,cluster_SalamanderID2025_116
5723,cluster_SalamanderID2025_54
5724,cluster_SalamanderID2025_32
5725,cluster_SalamanderID2025_241
5726,cluster_SalamanderID2025_172
5727,cluster_SalamanderID2025_28
5728,cluster_SalamanderID2025_66
5729,cluster_SalamanderID2025_242
5730,cluster_SalamanderID2025_243
5731,cluster_SalamanderID2025_8
5732,cluster_SalamanderID2025_42
5733,cluster_SalamanderID2025_42
5734,cluster_SalamanderID2025_43
5735,cluster_SalamanderID2025_24
5736,cluster_SalamanderID2025_173
5737,cluster_SalamanderID2025_244
5738,cluster_SalamanderID2025_31
5739,cluster_SalamanderID2025_192
5740,cluster_SalamanderID2025_181
5741,cluster_SalamanderID2025_216
5742,cluster_SalamanderID2025_245
5743,cluster_SalamanderID2025_216
5744,cluster_SalamanderID2025_92
5745,cluster_SalamanderID2025_246
5746,cluster_SalamanderID2025_16
5747,cluster_SalamanderID2025_247
5748,cluster_SalamanderID2025_154
5749,cluster_SalamanderID2025_248
5750,cluster_SalamanderID2025_51
5751,cluster_SalamanderID2025_92
5752,cluster_SalamanderID2025_37
5753,cluster_SalamanderID2025_162
5754,cluster_SalamanderID2025_249
5755,cluster_SalamanderID2025_171
5756,cluster_SalamanderID2025_220
5757,cluster_SalamanderID2025_250
5758,cluster_SalamanderID2025_153
5759,cluster_SalamanderID2025_251
5760,cluster_SalamanderID2025_216
5761,cluster_SalamanderID2025_215
5762,cluster_SalamanderID2025_252
5763,cluster_SalamanderID2025_253
5764,cluster_SalamanderID2025_254
5765,cluster_SalamanderID2025_100
5766,cluster_SalamanderID2025_255
5767,cluster_SalamanderID2025_256
5768,cluster_SalamanderID2025_33
5769,cluster_SalamanderID2025_135
5770,cluster_SalamanderID2025_135
5771,cluster_SalamanderID2025_86
5772,cluster_SalamanderID2025_196
5773,cluster_SalamanderID2025_108
5774,cluster_SalamanderID2025_108
5775,cluster_SalamanderID2025_257
5776,cluster_SalamanderID2025_8
5777,cluster_SalamanderID2025_221
5778,cluster_SalamanderID2025_92
5779,cluster_SalamanderID2025_195
5780,cluster_SalamanderID2025_248
5781,cluster_SalamanderID2025_258
5782,cluster_SalamanderID2025_203
5783,cluster_SalamanderID2025_103
5784,cluster_SalamanderID2025_259
5785,cluster_SalamanderID2025_100
5786,cluster_SalamanderID2025_24
5787,cluster_SalamanderID2025_230
5788,cluster_SalamanderID2025_260
5789,cluster_SalamanderID2025_167
5790,cluster_SalamanderID2025_261
5791,cluster_SalamanderID2025_150
5792,cluster_SalamanderID2025_262
5793,cluster_SalamanderID2025_263
5794,cluster_SalamanderID2025_6
5795,cluster_SalamanderID2025_42
5796,cluster_SalamanderID2025_264
5797,cluster_SalamanderID2025_261
5798,cluster_SalamanderID2025_149
5799,cluster_SalamanderID2025_192
5800,cluster_SalamanderID2025_265
5801,cluster_SalamanderID2025_15
5802,cluster_SalamanderID2025_54
5803,cluster_SalamanderID2025_108
5804,cluster_SalamanderID2025_266
5805,cluster_SalamanderID2025_267
5806,cluster_SalamanderID2025_165
5807,cluster_SalamanderID2025_56
5808,cluster_SalamanderID2025_68
5809,cluster_SalamanderID2025_268
5810,cluster_SalamanderID2025_269
5811,cluster_SalamanderID2025_172
5812,cluster_SalamanderID2025_2
5813,cluster_SalamanderID2025_40
5814,cluster_SalamanderID2025_270
5815,cluster_SalamanderID2025_271
5816,cluster_SalamanderID2025_125
5817,cluster_SalamanderID2025_272
5818,cluster_SalamanderID2025_137
5819,cluster_SalamanderID2025_273
5820,cluster_SalamanderID2025_274
5821,cluster_SalamanderID2025_275
5822,cluster_SalamanderID2025_237
5823,cluster_SalamanderID2025_90
5824,cluster_SalamanderID2025_54
5825,cluster_SalamanderID2025_48
5826,cluster_SalamanderID2025_276
5827,cluster_SalamanderID2025_277
5828,cluster_SalamanderID2025_244
5829,cluster_SalamanderID2025_48
5830,cluster_SalamanderID2025_72
5831,cluster_SalamanderID2025_53
5832,cluster_SalamanderID2025_267
5833,cluster_SalamanderID2025_278
5834,cluster_SalamanderID2025_167
5835,cluster_SalamanderID2025_279
5836,cluster_SalamanderID2025_264
5837,cluster_SalamanderID2025_254
5838,cluster_SalamanderID2025_58
5839,cluster_SalamanderID2025_280
5840,cluster_SalamanderID2025_251
5841,cluster_SalamanderID2025_74
5842,cluster_SalamanderID2025_131
5843,cluster_SalamanderID2025_270
5844,cluster_SalamanderID2025_281
5845,cluster_SalamanderID2025_174
5846,cluster_SalamanderID2025_192
5847,cluster_SalamanderID2025_37
5848,cluster_SalamanderID2025_282
5849,cluster_SalamanderID2025_99
5850,cluster_SalamanderID2025_158
5851,cluster_SalamanderID2025_283
5852,cluster_SalamanderID2025_193
5853,cluster_SalamanderID2025_284
5854,cluster_SalamanderID2025_212
5855,cluster_SalamanderID2025_58
5856,cluster_SalamanderID2025_205
5857,cluster_SalamanderID2025_285
5858,cluster_SalamanderID2025_244
5859,cluster_SalamanderID2025_286
5860,cluster_SalamanderID2025_135
5861,cluster_SalamanderID2025_196
5862,cluster_SalamanderID2025_93
5863,cluster_SalamanderID2025_31
5864,cluster_SalamanderID2025_192
5865,cluster_SalamanderID2025_269
5866,cluster_SalamanderID2025_91
5867,cluster_SalamanderID2025_192
5868,cluster_SalamanderID2025_287
5869,cluster_SalamanderID2025_42
5870,cluster_SalamanderID2025_54
5871,cluster_SalamanderID2025_259
5872,cluster_SalamanderID2025_161
5873,cluster_SalamanderID2025_9
5874,cluster_SalamanderID2025_72
5875,cluster_SalamanderID2025_149
5876,cluster_SalamanderID2025_100
5877,cluster_SalamanderID2025_288
5878,cluster_SalamanderID2025_67
5879,cluster_SalamanderID2025_192
5880,cluster_SalamanderID2025_251
5881,cluster_SalamanderID2025_220
5882,cluster_SalamanderID2025_198
5883,cluster_SalamanderID2025_240
5884,cluster_SalamanderID2025_232
5885,cluster_SalamanderID2025_289
5886,cluster_SalamanderID2025_290
5887,cluster_SalamanderID2025_276
5888,cluster_SalamanderID2025_41
5889,cluster_SalamanderID2025_54
5890,cluster_SalamanderID2025_173
5891,cluster_SalamanderID2025_279
5892,cluster_SalamanderID2025_71
5893,cluster_SalamanderID2025_77
5894,cluster_SalamanderID2025_42
5895,cluster_SalamanderID2025_264
5896,cluster_SalamanderID2025_248
5897,cluster_SalamanderID2025_291
5898,cluster_SalamanderID2025_67
5899,cluster_SalamanderID2025_292
5900,cluster_SalamanderID2025_15
5901,cluster_SalamanderID2025_293
5902,cluster_SalamanderID2025_294
5903,cluster_SalamanderID2025_295
5904,cluster_SalamanderID2025_175
5905,cluster_SalamanderID2025_276
5906,cluster_SalamanderID2025_271
5907,cluster_SalamanderID2025_296
5908,cluster_SalamanderID2025_297
5909,cluster_SalamanderID2025_121
5910,cluster_SalamanderID2025_298
5911,cluster_SalamanderID2025_43
5912,cluster_SalamanderID2025_149
5913,cluster_SalamanderID2025_240
5914,cluster_SalamanderID2025_142
5915,cluster_SalamanderID2025_43
5916,cluster_SalamanderID2025_61
5917,cluster_SalamanderID2025_299
5918,cluster_SalamanderID2025_68
5919,cluster_SalamanderID2025_300
5920,cluster_SalamanderID2025_301
5921,cluster_SalamanderID2025_256
5922,cluster_SalamanderID2025_302
5923,cluster_SalamanderID2025_9
5924,cluster_SalamanderID2025_42
5925,cluster_SalamanderID2025_256
5926,cluster_SalamanderID2025_303
5927,cluster_SalamanderID2025_8
5928,cluster_SalamanderID2025_220
5929,cluster_SalamanderID2025_304
5930,cluster_SalamanderID2025_297
5931,cluster_SalamanderID2025_66
5932,cluster_SalamanderID2025_305
5933,cluster_SalamanderID2025_58
5934,cluster_SalamanderID2025_306
5935,cluster_SalamanderID2025_307
5936,cluster_SalamanderID2025_308
5937,cluster_SalamanderID2025_173
5938,cluster_SalamanderID2025_309
5939,cluster_SalamanderID2025_306
5940,cluster_SalamanderID2025_310
5941,cluster_SalamanderID2025_304
5942,cluster_SalamanderID2025_267
5943,cluster_SalamanderID2025_193
5944,cluster_SalamanderID2025_311
5945,cluster_SalamanderID2025_162
5946,cluster_SalamanderID2025_204
5947,cluster_SalamanderID2025_165
5948,cluster_SalamanderID2025_312
5949,cluster_SalamanderID2025_9
5950,cluster_SalamanderID2025_58
5951,cluster_SalamanderID2025_39
5952,cluster_SalamanderID2025_313
5953,cluster_SalamanderID2025_108
5954,cluster_SalamanderID2025_129
5955,cluster_SalamanderID2025_25
5956,cluster_SalamanderID2025_49
5957,cluster_SalamanderID2025_43
5958,cluster_SalamanderID2025_178
5959,cluster_SalamanderID2025_314
5960,cluster_SalamanderID2025_212
5961,cluster_SalamanderID2025_315
5962,cluster_SalamanderID2025_302
5963,cluster_SalamanderID2025_235
5964,cluster_SalamanderID2025_306
5965,cluster_SalamanderID2025_278
5966,cluster_SalamanderID2025_222
5967,cluster_SalamanderID2025_149
5968,cluster_SalamanderID2025_235
5969,cluster_SalamanderID2025_316
5970,cluster_SalamanderID2025_192
5971,cluster_SalamanderID2025_276
5972,cluster_SalamanderID2025_14
5973,cluster_SalamanderID2025_317
5974,cluster_SalamanderID2025_43
5975,cluster_SalamanderID2025_149
5976,cluster_SalamanderID2025_318
5977,cluster_SalamanderID2025_319
5978,cluster_SalamanderID2025_235
5979,cluster_SalamanderID2025_309
14709,cluster_SeaTurtleID2022_0
14710,cluster_SeaTurtleID2022_1
14711,cluster_SeaTurtleID2022_2
14712,cluster_SeaTurtleID2022_3
14713,cluster_SeaTurtleID2022_4
14714,cluster_SeaTurtleID2022_5
14715,cluster_SeaTurtleID2022_195
14716,cluster_SeaTurtleID2022_6
14717,cluster_SeaTurtleID2022_175
14718,cluster_SeaTurtleID2022_7
14719,cluster_SeaTurtleID2022_8
14720,cluster_SeaTurtleID2022_9
14721,cluster_SeaTurtleID2022_10
14722,cluster_SeaTurtleID2022_11
14723,cluster_SeaTurtleID2022_12
14724,cluster_SeaTurtleID2022_13
14725,cluster_SeaTurtleID2022_14
14726,cluster_SeaTurtleID2022_15
14727,cluster_SeaTurtleID2022_16
14728,cluster_SeaTurtleID2022_203
14729,cluster_SeaTurtleID2022_17
14730,cluster_SeaTurtleID2022_18
14731,cluster_SeaTurtleID2022_19
14732,cluster_SeaTurtleID2022_16
14733,cluster_SeaTurtleID2022_20
14734,cluster_SeaTurtleID2022_21
14735,cluster_SeaTurtleID2022_0
14736,cluster_SeaTurtleID2022_22
14737,cluster_SeaTurtleID2022_23
14738,cluster_SeaTurtleID2022_24
14739,cluster_SeaTurtleID2022_25
14740,cluster_SeaTurtleID2022_26
14741,cluster_SeaTurtleID2022_27
14742,cluster_SeaTurtleID2022_28
14743,cluster_SeaTurtleID2022_204
14744,cluster_SeaTurtleID2022_29
14745,cluster_SeaTurtleID2022_30
14746,cluster_SeaTurtleID2022_31
14747,cluster_SeaTurtleID2022_32
14748,cluster_SeaTurtleID2022_33
14749,cluster_SeaTurtleID2022_34
14750,cluster_SeaTurtleID2022_35
14751,cluster_SeaTurtleID2022_13
14752,cluster_SeaTurtleID2022_175
14753,cluster_SeaTurtleID2022_36
14754,cluster_SeaTurtleID2022_0
14755,cluster_SeaTurtleID2022_34
14756,cluster_SeaTurtleID2022_37
14757,cluster_SeaTurtleID2022_38
14758,cluster_SeaTurtleID2022_39
14759,cluster_SeaTurtleID2022_200
14760,cluster_SeaTurtleID2022_40
14761,cluster_SeaTurtleID2022_41
14762,cluster_SeaTurtleID2022_42
14763,cluster_SeaTurtleID2022_43
14764,cluster_SeaTurtleID2022_44
14765,cluster_SeaTurtleID2022_34
14766,cluster_SeaTurtleID2022_10
14767,cluster_SeaTurtleID2022_45
14768,cluster_SeaTurtleID2022_46
14769,cluster_SeaTurtleID2022_47
14770,cluster_SeaTurtleID2022_48
14771,cluster_SeaTurtleID2022_49
14772,cluster_SeaTurtleID2022_50
14773,cluster_SeaTurtleID2022_51
14774,cluster_SeaTurtleID2022_41
14775,cluster_SeaTurtleID2022_33
14776,cluster_SeaTurtleID2022_52
14777,cluster_SeaTurtleID2022_53
14778,cluster_SeaTurtleID2022_54
14779,cluster_SeaTurtleID2022_55
14780,cluster_SeaTurtleID2022_8
14781,cluster_SeaTurtleID2022_27
14782,cluster_SeaTurtleID2022_46
14783,cluster_SeaTurtleID2022_20
14784,cluster_SeaTurtleID2022_56
14785,cluster_SeaTurtleID2022_196
14786,cluster_SeaTurtleID2022_57
14787,cluster_SeaTurtleID2022_58
14788,cluster_SeaTurtleID2022_59
14789,cluster_SeaTurtleID2022_40
14790,cluster_SeaTurtleID2022_60
14791,cluster_SeaTurtleID2022_61
14792,cluster_SeaTurtleID2022_4
14793,cluster_SeaTurtleID2022_13
14794,cluster_SeaTurtleID2022_62
14795,cluster_SeaTurtleID2022_63
14796,cluster_SeaTurtleID2022_64
14797,cluster_SeaTurtleID2022_42
14798,cluster_SeaTurtleID2022_65
14799,cluster_SeaTurtleID2022_1
14800,cluster_SeaTurtleID2022_194
14801,cluster_SeaTurtleID2022_58
14802,cluster_SeaTurtleID2022_31
14803,cluster_SeaTurtleID2022_49
14804,cluster_SeaTurtleID2022_66
14805,cluster_SeaTurtleID2022_197
14806,cluster_SeaTurtleID2022_54
14807,cluster_SeaTurtleID2022_67
14808,cluster_SeaTurtleID2022_68
14809,cluster_SeaTurtleID2022_17
14810,cluster_SeaTurtleID2022_69
14811,cluster_SeaTurtleID2022_28
14812,cluster_SeaTurtleID2022_70
14813,cluster_SeaTurtleID2022_71
14814,cluster_SeaTurtleID2022_72
14815,cluster_SeaTurtleID2022_73
14816,cluster_SeaTurtleID2022_74
14817,cluster_SeaTurtleID2022_75
14818,cluster_SeaTurtleID2022_76
14819,cluster_SeaTurtleID2022_77
14820,cluster_SeaTurtleID2022_16
14821,cluster_SeaTurtleID2022_34
14822,cluster_SeaTurtleID2022_198
14823,cluster_SeaTurtleID2022_78
14824,cluster_SeaTurtleID2022_79
14825,cluster_SeaTurtleID2022_80
14826,cluster_SeaTurtleID2022_48
14827,cluster_SeaTurtleID2022_24
14828,cluster_SeaTurtleID2022_0
14829,cluster_SeaTurtleID2022_67
14830,cluster_SeaTurtleID2022_31
14831,cluster_SeaTurtleID2022_81
14832,cluster_SeaTurtleID2022_5
14833,cluster_SeaTurtleID2022_82
14834,cluster_SeaTurtleID2022_83
14835,cluster_SeaTurtleID2022_84
14836,cluster_SeaTurtleID2022_85
14837,cluster_SeaTurtleID2022_63
14838,cluster_SeaTurtleID2022_52
14839,cluster_SeaTurtleID2022_0
14840,cluster_SeaTurtleID2022_86
14841,cluster_SeaTurtleID2022_87
14842,cluster_SeaTurtleID2022_19
14843,cluster_SeaTurtleID2022_88
14844,cluster_SeaTurtleID2022_89
14845,cluster_SeaTurtleID2022_90
14846,cluster_SeaTurtleID2022_91
14847,cluster_SeaTurtleID2022_92
14848,cluster_SeaTurtleID2022_93
14849,cluster_SeaTurtleID2022_94
14850,cluster_SeaTurtleID2022_81
14851,cluster_SeaTurtleID2022_95
14852,cluster_SeaTurtleID2022_96
14853,cluster_SeaTurtleID2022_193
14854,cluster_SeaTurtleID2022_86
14855,cluster_SeaTurtleID2022_87
14856,cluster_SeaTurtleID2022_206
14857,cluster_SeaTurtleID2022_1
14858,cluster_SeaTurtleID2022_97
14859,cluster_SeaTurtleID2022_91
14860,cluster_SeaTurtleID2022_64
14861,cluster_SeaTurtleID2022_46
14862,cluster_SeaTurtleID2022_52
14863,cluster_SeaTurtleID2022_80
14864,cluster_SeaTurtleID2022_98
14865,cluster_SeaTurtleID2022_64
14866,cluster_SeaTurtleID2022_69
14867,cluster_SeaTurtleID2022_96
14868,cluster_SeaTurtleID2022_0
14869,cluster_SeaTurtleID2022_86
14870,cluster_SeaTurtleID2022_99
14871,cluster_SeaTurtleID2022_100
14872,cluster_SeaTurtleID2022_0
14873,cluster_SeaTurtleID2022_101
14874,cluster_SeaTurtleID2022_6
14875,cluster_SeaTurtleID2022_0
14876,cluster_SeaTurtleID2022_40
14877,cluster_SeaTurtleID2022_102
14878,cluster_SeaTurtleID2022_65
14879,cluster_SeaTurtleID2022_103
14880,cluster_SeaTurtleID2022_44
14881,cluster_SeaTurtleID2022_66
14882,cluster_SeaTurtleID2022_0
14883,cluster_SeaTurtleID2022_104
14884,cluster_SeaTurtleID2022_43
14885,cluster_SeaTurtleID2022_105
14886,cluster_SeaTurtleID2022_82
14887,cluster_SeaTurtleID2022_34
14888,cluster_SeaTurtleID2022_98
14889,cluster_SeaTurtleID2022_77
14890,cluster_SeaTurtleID2022_184
14891,cluster_SeaTurtleID2022_4
14892,cluster_SeaTurtleID2022_69
14893,cluster_SeaTurtleID2022_94
14894,cluster_SeaTurtleID2022_106
14895,cluster_SeaTurtleID2022_107
14896,cluster_SeaTurtleID2022_108
14897,cluster_SeaTurtleID2022_61
14898,cluster_SeaTurtleID2022_109
14899,cluster_SeaTurtleID2022_37
14900,cluster_SeaTurtleID2022_110
14901,cluster_SeaTurtleID2022_50
14902,cluster_SeaTurtleID2022_80
14903,cluster_SeaTurtleID2022_61
14904,cluster_SeaTurtleID2022_94
14905,cluster_SeaTurtleID2022_83
14906,cluster_SeaTurtleID2022_36
14907,cluster_SeaTurtleID2022_94
14908,cluster_SeaTurtleID2022_111
14909,cluster_SeaTurtleID2022_42
14910,cluster_SeaTurtleID2022_48
14911,cluster_SeaTurtleID2022_71
14912,cluster_SeaTurtleID2022_11
14913,cluster_SeaTurtleID2022_51
14914,cluster_SeaTurtleID2022_199
14915,cluster_SeaTurtleID2022_15
14916,cluster_SeaTurtleID2022_75
14917,cluster_SeaTurtleID2022_41
14918,cluster_SeaTurtleID2022_13
14919,cluster_SeaTurtleID2022_112
14920,cluster_SeaTurtleID2022_113
14921,cluster_SeaTurtleID2022_90
14922,cluster_SeaTurtleID2022_31
14923,cluster_SeaTurtleID2022_114
14924,cluster_SeaTurtleID2022_115
14925,cluster_SeaTurtleID2022_16
14926,cluster_SeaTurtleID2022_39
14927,cluster_SeaTurtleID2022_0
14928,cluster_SeaTurtleID2022_31
14929,cluster_SeaTurtleID2022_71
14930,cluster_SeaTurtleID2022_83
14931,cluster_SeaTurtleID2022_66
14932,cluster_SeaTurtleID2022_61
14933,cluster_SeaTurtleID2022_116
14934,cluster_SeaTurtleID2022_117
14935,cluster_SeaTurtleID2022_6
14936,cluster_SeaTurtleID2022_25
14937,cluster_SeaTurtleID2022_82
14938,cluster_SeaTurtleID2022_190
14939,cluster_SeaTurtleID2022_41
14940,cluster_SeaTurtleID2022_192
14941,cluster_SeaTurtleID2022_33
14942,cluster_SeaTurtleID2022_66
14943,cluster_SeaTurtleID2022_54
14944,cluster_SeaTurtleID2022_34
14945,cluster_SeaTurtleID2022_29
14946,cluster_SeaTurtleID2022_5
14947,cluster_SeaTurtleID2022_69
14948,cluster_SeaTurtleID2022_63
14949,cluster_SeaTurtleID2022_96
14950,cluster_SeaTurtleID2022_80
14951,cluster_SeaTurtleID2022_176
14952,cluster_SeaTurtleID2022_118
14953,cluster_SeaTurtleID2022_58
14954,cluster_SeaTurtleID2022_61
14955,cluster_SeaTurtleID2022_89
14956,cluster_SeaTurtleID2022_119
14957,cluster_SeaTurtleID2022_36
14958,cluster_SeaTurtleID2022_35
14959,cluster_SeaTurtleID2022_176
14960,cluster_SeaTurtleID2022_9
14961,cluster_SeaTurtleID2022_21
14962,cluster_SeaTurtleID2022_120
14963,cluster_SeaTurtleID2022_121
14964,cluster_SeaTurtleID2022_13
14965,cluster_SeaTurtleID2022_0
14966,cluster_SeaTurtleID2022_15
14967,cluster_SeaTurtleID2022_63
14968,cluster_SeaTurtleID2022_122
14969,cluster_SeaTurtleID2022_120
14970,cluster_SeaTurtleID2022_80
14971,cluster_SeaTurtleID2022_69
14972,cluster_SeaTurtleID2022_191
14973,cluster_SeaTurtleID2022_13
14974,cluster_SeaTurtleID2022_94
14975,cluster_SeaTurtleID2022_123
14976,cluster_SeaTurtleID2022_87
14977,cluster_SeaTurtleID2022_80
14978,cluster_SeaTurtleID2022_77
14979,cluster_SeaTurtleID2022_201
14980,cluster_SeaTurtleID2022_124
14981,cluster_SeaTurtleID2022_90
14982,cluster_SeaTurtleID2022_76
14983,cluster_SeaTurtleID2022_120
14984,cluster_SeaTurtleID2022_205
14985,cluster_SeaTurtleID2022_125
14986,cluster_SeaTurtleID2022_126
14987,cluster_SeaTurtleID2022_189
14988,cluster_SeaTurtleID2022_90
14989,cluster_SeaTurtleID2022_42
14990,cluster_SeaTurtleID2022_66
14991,cluster_SeaTurtleID2022_46
14992,cluster_SeaTurtleID2022_127
14993,cluster_SeaTurtleID2022_53
14994,cluster_SeaTurtleID2022_75
14995,cluster_SeaTurtleID2022_128
14996,cluster_SeaTurtleID2022_8
14997,cluster_SeaTurtleID2022_129
14998,cluster_SeaTurtleID2022_130
14999,cluster_SeaTurtleID2022_71
15000,cluster_SeaTurtleID2022_131
15001,cluster_SeaTurtleID2022_61
15002,cluster_SeaTurtleID2022_92
15003,cluster_SeaTurtleID2022_132
15004,cluster_SeaTurtleID2022_70
15005,cluster_SeaTurtleID2022_89
15006,cluster_SeaTurtleID2022_120
15007,cluster_SeaTurtleID2022_9
15008,cluster_SeaTurtleID2022_33
15009,cluster_SeaTurtleID2022_1
15010,cluster_SeaTurtleID2022_133
15011,cluster_SeaTurtleID2022_63
15012,cluster_SeaTurtleID2022_40
15013,cluster_SeaTurtleID2022_186
15014,cluster_SeaTurtleID2022_120
15015,cluster_SeaTurtleID2022_41
15016,cluster_SeaTurtleID2022_83
15017,cluster_SeaTurtleID2022_134
15018,cluster_SeaTurtleID2022_107
15019,cluster_SeaTurtleID2022_187
15020,cluster_SeaTurtleID2022_135
15021,cluster_SeaTurtleID2022_202
15022,cluster_SeaTurtleID2022_136
15023,cluster_SeaTurtleID2022_1
15024,cluster_SeaTurtleID2022_137
15025,cluster_SeaTurtleID2022_86
15026,cluster_SeaTurtleID2022_122
15027,cluster_SeaTurtleID2022_138
15028,cluster_SeaTurtleID2022_79
15029,cluster_SeaTurtleID2022_139
15030,cluster_SeaTurtleID2022_188
15031,cluster_SeaTurtleID2022_36
15032,cluster_SeaTurtleID2022_76
15033,cluster_SeaTurtleID2022_92
15034,cluster_SeaTurtleID2022_140
15035,cluster_SeaTurtleID2022_141
15036,cluster_SeaTurtleID2022_34
15037,cluster_SeaTurtleID2022_36
15038,cluster_SeaTurtleID2022_32
15039,cluster_SeaTurtleID2022_69
15040,cluster_SeaTurtleID2022_142
15041,cluster_SeaTurtleID2022_13
15042,cluster_SeaTurtleID2022_3
15043,cluster_SeaTurtleID2022_86
15044,cluster_SeaTurtleID2022_46
15045,cluster_SeaTurtleID2022_111
15046,cluster_SeaTurtleID2022_91
15047,cluster_SeaTurtleID2022_143
15048,cluster_SeaTurtleID2022_126
15049,cluster_SeaTurtleID2022_8
15050,cluster_SeaTurtleID2022_144
15051,cluster_SeaTurtleID2022_0
15052,cluster_SeaTurtleID2022_144
15053,cluster_SeaTurtleID2022_42
15054,cluster_SeaTurtleID2022_122
15055,cluster_SeaTurtleID2022_145
15056,cluster_SeaTurtleID2022_146
15057,cluster_SeaTurtleID2022_13
15058,cluster_SeaTurtleID2022_29
15059,cluster_SeaTurtleID2022_5
15060,cluster_SeaTurtleID2022_147
15061,cluster_SeaTurtleID2022_69
15062,cluster_SeaTurtleID2022_90
15063,cluster_SeaTurtleID2022_69
15064,cluster_SeaTurtleID2022_126
15065,cluster_SeaTurtleID2022_103
15066,cluster_SeaTurtleID2022_148
15067,cluster_SeaTurtleID2022_83
15068,cluster_SeaTurtleID2022_145
15069,cluster_SeaTurtleID2022_149
15070,cluster_SeaTurtleID2022_150
15071,cluster_SeaTurtleID2022_4
15072,cluster_SeaTurtleID2022_33
15073,cluster_SeaTurtleID2022_81
15074,cluster_SeaTurtleID2022_3
15075,cluster_SeaTurtleID2022_151
15076,cluster_SeaTurtleID2022_152
15077,cluster_SeaTurtleID2022_153
15078,cluster_SeaTurtleID2022_154
15079,cluster_SeaTurtleID2022_86
15080,cluster_SeaTurtleID2022_155
15081,cluster_SeaTurtleID2022_39
15082,cluster_SeaTurtleID2022_17
15083,cluster_SeaTurtleID2022_156
15084,cluster_SeaTurtleID2022_5
15085,cluster_SeaTurtleID2022_4
15086,cluster_SeaTurtleID2022_17
15087,cluster_SeaTurtleID2022_157
15088,cluster_SeaTurtleID2022_101
15089,cluster_SeaTurtleID2022_181
15090,cluster_SeaTurtleID2022_158
15091,cluster_SeaTurtleID2022_24
15092,cluster_SeaTurtleID2022_28
15093,cluster_SeaTurtleID2022_35
15094,cluster_SeaTurtleID2022_101
15095,cluster_SeaTurtleID2022_14
15096,cluster_SeaTurtleID2022_159
15097,cluster_SeaTurtleID2022_160
15098,cluster_SeaTurtleID2022_42
15099,cluster_SeaTurtleID2022_24
15100,cluster_SeaTurtleID2022_185
15101,cluster_SeaTurtleID2022_16
15102,cluster_SeaTurtleID2022_139
15103,cluster_SeaTurtleID2022_55
15104,cluster_SeaTurtleID2022_161
15105,cluster_SeaTurtleID2022_0
15106,cluster_SeaTurtleID2022_54
15107,cluster_SeaTurtleID2022_162
15108,cluster_SeaTurtleID2022_63
15109,cluster_SeaTurtleID2022_163
15110,cluster_SeaTurtleID2022_142
15111,cluster_SeaTurtleID2022_43
15112,cluster_SeaTurtleID2022_107
15113,cluster_SeaTurtleID2022_0
15114,cluster_SeaTurtleID2022_39
15115,cluster_SeaTurtleID2022_179
15116,cluster_SeaTurtleID2022_20
15117,cluster_SeaTurtleID2022_75
15118,cluster_SeaTurtleID2022_52
15119,cluster_SeaTurtleID2022_55
15120,cluster_SeaTurtleID2022_136
15121,cluster_SeaTurtleID2022_91
15122,cluster_SeaTurtleID2022_69
15123,cluster_SeaTurtleID2022_45
15124,cluster_SeaTurtleID2022_44
15125,cluster_SeaTurtleID2022_23
15126,cluster_SeaTurtleID2022_164
15127,cluster_SeaTurtleID2022_142
15128,cluster_SeaTurtleID2022_48
15129,cluster_SeaTurtleID2022_31
15130,cluster_SeaTurtleID2022_112
15131,cluster_SeaTurtleID2022_6
15132,cluster_SeaTurtleID2022_14
15133,cluster_SeaTurtleID2022_111
15134,cluster_SeaTurtleID2022_165
15135,cluster_SeaTurtleID2022_112
15136,cluster_SeaTurtleID2022_106
15137,cluster_SeaTurtleID2022_82
15138,cluster_SeaTurtleID2022_26
15139,cluster_SeaTurtleID2022_180
15140,cluster_SeaTurtleID2022_9
15141,cluster_SeaTurtleID2022_85
15142,cluster_SeaTurtleID2022_41
15143,cluster_SeaTurtleID2022_54
15144,cluster_SeaTurtleID2022_44
15145,cluster_SeaTurtleID2022_55
15146,cluster_SeaTurtleID2022_85
15147,cluster_SeaTurtleID2022_89
15148,cluster_SeaTurtleID2022_90
15149,cluster_SeaTurtleID2022_0
15150,cluster_SeaTurtleID2022_62
15151,cluster_SeaTurtleID2022_136
15152,cluster_SeaTurtleID2022_21
15153,cluster_SeaTurtleID2022_45
15154,cluster_SeaTurtleID2022_66
15155,cluster_SeaTurtleID2022_0
15156,cluster_SeaTurtleID2022_80
15157,cluster_SeaTurtleID2022_149
15158,cluster_SeaTurtleID2022_166
15159,cluster_SeaTurtleID2022_167
15160,cluster_SeaTurtleID2022_91
15161,cluster_SeaTurtleID2022_168
15162,cluster_SeaTurtleID2022_67
15163,cluster_SeaTurtleID2022_70
15164,cluster_SeaTurtleID2022_169
15165,cluster_SeaTurtleID2022_177
15166,cluster_SeaTurtleID2022_67
15167,cluster_SeaTurtleID2022_80
15168,cluster_SeaTurtleID2022_122
15169,cluster_SeaTurtleID2022_105
15170,cluster_SeaTurtleID2022_12
15171,cluster_SeaTurtleID2022_146
15172,cluster_SeaTurtleID2022_170
15173,cluster_SeaTurtleID2022_9
15174,cluster_SeaTurtleID2022_23
15175,cluster_SeaTurtleID2022_155
15176,cluster_SeaTurtleID2022_112
15177,cluster_SeaTurtleID2022_53
15178,cluster_SeaTurtleID2022_163
15179,cluster_SeaTurtleID2022_130
15180,cluster_SeaTurtleID2022_8
15181,cluster_SeaTurtleID2022_69
15182,cluster_SeaTurtleID2022_171
15183,cluster_SeaTurtleID2022_55
15184,cluster_SeaTurtleID2022_124
15185,cluster_SeaTurtleID2022_49
15186,cluster_SeaTurtleID2022_117
15187,cluster_SeaTurtleID2022_183
15188,cluster_SeaTurtleID2022_139
15189,cluster_SeaTurtleID2022_37
15190,cluster_SeaTurtleID2022_163
15191,cluster_SeaTurtleID2022_172
15192,cluster_SeaTurtleID2022_87
15193,cluster_SeaTurtleID2022_165
15194,cluster_SeaTurtleID2022_182
15195,cluster_SeaTurtleID2022_173
15196,cluster_SeaTurtleID2022_174
15197,cluster_SeaTurtleID2022_1
15198,cluster_SeaTurtleID2022_122
15199,cluster_SeaTurtleID2022_36
15200,cluster_SeaTurtleID2022_139
15201,cluster_SeaTurtleID2022_146
15202,cluster_SeaTurtleID2022_178
15203,cluster_SeaTurtleID2022_62
15204,cluster_SeaTurtleID2022_14
15205,cluster_SeaTurtleID2022_41
15206,cluster_SeaTurtleID2022_5
15207,cluster_SeaTurtleID2022_161
15208,cluster_SeaTurtleID2022_4
15209,cluster_TexasHornedLizards_151
15210,cluster_TexasHornedLizards_223
15211,cluster_TexasHornedLizards_224
15212,cluster_TexasHornedLizards_241
15213,cluster_TexasHornedLizards_146
15214,cluster_TexasHornedLizards_3
15215,cluster_TexasHornedLizards_135
15216,cluster_TexasHornedLizards_171
15217,cluster_TexasHornedLizards_0
15218,cluster_TexasHornedLizards_255
15219,cluster_TexasHornedLizards_251
15220,cluster_TexasHornedLizards_250
15221,cluster_TexasHornedLizards_111
15222,cluster_TexasHornedLizards_148
15223,cluster_TexasHornedLizards_231
15224,cluster_TexasHornedLizards_215
15225,cluster_TexasHornedLizards_237
15226,cluster_TexasHornedLizards_152
15227,cluster_TexasHornedLizards_208
15228,cluster_TexasHornedLizards_75
15229,cluster_TexasHornedLizards_188
15230,cluster_TexasHornedLizards_186
15231,cluster_TexasHornedLizards_238
15232,cluster_TexasHornedLizards_209
15233,cluster_TexasHornedLizards_242
15234,cluster_TexasHornedLizards_163
15235,cluster_TexasHornedLizards_147
15236,cluster_TexasHornedLizards_254
15237,cluster_TexasHornedLizards_239
15238,cluster_TexasHornedLizards_236
15239,cluster_TexasHornedLizards_217
15240,cluster_TexasHornedLizards_207
15241,cluster_TexasHornedLizards_145
15242,cluster_TexasHornedLizards_256
15243,cluster_TexasHornedLizards_143
15244,cluster_TexasHornedLizards_144
15245,cluster_TexasHornedLizards_181
15246,cluster_TexasHornedLizards_221
15247,cluster_TexasHornedLizards_103
15248,cluster_TexasHornedLizards_176
15249,cluster_TexasHornedLizards_140
15250,cluster_TexasHornedLizards_191
15251,cluster_TexasHornedLizards_3
15252,cluster_TexasHornedLizards_253
15253,cluster_TexasHornedLizards_156
15254,cluster_TexasHornedLizards_257
15255,cluster_TexasHornedLizards_211
15256,cluster_TexasHornedLizards_128
15257,cluster_TexasHornedLizards_244
15258,cluster_TexasHornedLizards_174
15259,cluster_TexasHornedLizards_227
15260,cluster_TexasHornedLizards_203
15261,cluster_TexasHornedLizards_168
15262,cluster_TexasHornedLizards_234
15263,cluster_TexasHornedLizards_137
15264,cluster_TexasHornedLizards_166
15265,cluster_TexasHornedLizards_149
15266,cluster_TexasHornedLizards_196
15267,cluster_TexasHornedLizards_199
15268,cluster_TexasHornedLizards_42
15269,cluster_TexasHornedLizards_160
15270,cluster_TexasHornedLizards_210
15271,cluster_TexasHornedLizards_153
15272,cluster_TexasHornedLizards_204
15273,cluster_TexasHornedLizards_19
15274,cluster_TexasHornedLizards_154
15275,cluster_TexasHornedLizards_8
15276,cluster_TexasHornedLizards_213
15277,cluster_TexasHornedLizards_229
15278,cluster_TexasHornedLizards_194
15279,cluster_TexasHornedLizards_165
15280,cluster_TexasHornedLizards_15
15281,cluster_TexasHornedLizards_21
15282,cluster_TexasHornedLizards_240
15283,cluster_TexasHornedLizards_189
15284,cluster_TexasHornedLizards_214
15285,cluster_TexasHornedLizards_133
15286,cluster_TexasHornedLizards_178
15287,cluster_TexasHornedLizards_139
15288,cluster_TexasHornedLizards_119
15289,cluster_TexasHornedLizards_8
15290,cluster_TexasHornedLizards_182
15291,cluster_TexasHornedLizards_183
15292,cluster_TexasHornedLizards_216
15293,cluster_TexasHornedLizards_11
15294,cluster_TexasHornedLizards_76
15295,cluster_TexasHornedLizards_164
15296,cluster_TexasHornedLizards_82
15297,cluster_TexasHornedLizards_173
15298,cluster_TexasHornedLizards_169
15299,cluster_TexasHornedLizards_232
15300,cluster_TexasHornedLizards_206
15301,cluster_TexasHornedLizards_184
15302,cluster_TexasHornedLizards_243
15303,cluster_TexasHornedLizards_192
15304,cluster_TexasHornedLizards_246
15305,cluster_TexasHornedLizards_190
15306,cluster_TexasHornedLizards_175
15307,cluster_TexasHornedLizards_220
15308,cluster_TexasHornedLizards_245
15309,cluster_TexasHornedLizards_205
15310,cluster_TexasHornedLizards_212
15311,cluster_TexasHornedLizards_126
15312,cluster_TexasHornedLizards_195
15313,cluster_TexasHornedLizards_185
15314,cluster_TexasHornedLizards_202
15315,cluster_TexasHornedLizards_19
15316,cluster_TexasHornedLizards_120
15317,cluster_TexasHornedLizards_141
15318,cluster_TexasHornedLizards_7
15319,cluster_TexasHornedLizards_162
15320,cluster_TexasHornedLizards_249
15321,cluster_TexasHornedLizards_92
15322,cluster_TexasHornedLizards_7
15323,cluster_TexasHornedLizards_219
15324,cluster_TexasHornedLizards_105
15325,cluster_TexasHornedLizards_201
15326,cluster_TexasHornedLizards_200
15327,cluster_TexasHornedLizards_179
15328,cluster_TexasHornedLizards_252
15329,cluster_TexasHornedLizards_132
15330,cluster_TexasHornedLizards_177
15331,cluster_TexasHornedLizards_115
15332,cluster_TexasHornedLizards_59
15333,cluster_TexasHornedLizards_197
15334,cluster_TexasHornedLizards_180
15335,cluster_TexasHornedLizards_87
15336,cluster_TexasHornedLizards_4
15337,cluster_TexasHornedLizards_167
15338,cluster_TexasHornedLizards_2
15339,cluster_TexasHornedLizards_187
15340,cluster_TexasHornedLizards_222
15341,cluster_TexasHornedLizards_193
15342,cluster_TexasHornedLizards_89
15343,cluster_TexasHornedLizards_109
15344,cluster_TexasHornedLizards_158
15345,cluster_TexasHornedLizards_225
15346,cluster_TexasHornedLizards_226
15347,cluster_TexasHornedLizards_96
15348,cluster_TexasHornedLizards_170
15349,cluster_TexasHornedLizards_161
15350,cluster_TexasHornedLizards_150
15351,cluster_TexasHornedLizards_228
15352,cluster_TexasHornedLizards_121
15353,cluster_TexasHornedLizards_124
15354,cluster_TexasHornedLizards_101
15355,cluster_TexasHornedLizards_218
15356,cluster_TexasHornedLizards_112
15357,cluster_TexasHornedLizards_108
15358,cluster_TexasHornedLizards_198
15359,cluster_TexasHornedLizards_159
15360,cluster_TexasHornedLizards_113
15361,cluster_TexasHornedLizards_104
15362,cluster_TexasHornedLizards_106
15363,cluster_TexasHornedLizards_90
15364,cluster_TexasHornedLizards_4
15365,cluster_TexasHornedLizards_129
15366,cluster_TexasHornedLizards_155
15367,cluster_TexasHornedLizards_52
15368,cluster_TexasHornedLizards_15
15369,cluster_TexasHornedLizards_97
15370,cluster_TexasHornedLizards_172
15371,cluster_TexasHornedLizards_71
15372,cluster_TexasHornedLizards_21
15373,cluster_TexasHornedLizards_73
15374,cluster_TexasHornedLizards_107
15375,cluster_TexasHornedLizards_44
15376,cluster_TexasHornedLizards_102
15377,cluster_TexasHornedLizards_91
15378,cluster_TexasHornedLizards_80
15379,cluster_TexasHornedLizards_247
15380,cluster_TexasHornedLizards_233
15381,cluster_TexasHornedLizards_122
15382,cluster_TexasHornedLizards_81
15383,cluster_TexasHornedLizards_69
15384,cluster_TexasHornedLizards_248
15385,cluster_TexasHornedLizards_5
15386,cluster_TexasHornedLizards_130
15387,cluster_TexasHornedLizards_2
15388,cluster_TexasHornedLizards_83
15389,cluster_TexasHornedLizards_42
15390,cluster_TexasHornedLizards_72
15391,cluster_TexasHornedLizards_0
15392,cluster_TexasHornedLizards_123
15393,cluster_TexasHornedLizards_138
15394,cluster_TexasHornedLizards_35
15395,cluster_TexasHornedLizards_116
15396,cluster_TexasHornedLizards_142
15397,cluster_TexasHornedLizards_53
15398,cluster_TexasHornedLizards_9
15399,cluster_TexasHornedLizards_230
15400,cluster_TexasHornedLizards_40
15401,cluster_TexasHornedLizards_84
15402,cluster_TexasHornedLizards_235
15403,cluster_TexasHornedLizards_88
15404,cluster_TexasHornedLizards_95
15405,cluster_TexasHornedLizards_134
15406,cluster_TexasHornedLizards_66
15407,cluster_TexasHornedLizards_117
15408,cluster_TexasHornedLizards_61
15409,cluster_TexasHornedLizards_127
15410,cluster_TexasHornedLizards_118
15411,cluster_TexasHornedLizards_43
15412,cluster_TexasHornedLizards_110
15413,cluster_TexasHornedLizards_98
15414,cluster_TexasHornedLizards_1
15415,cluster_TexasHornedLizards_77
15416,cluster_TexasHornedLizards_37
15417,cluster_TexasHornedLizards_9
15418,cluster_TexasHornedLizards_68
15419,cluster_TexasHornedLizards_136
15420,cluster_TexasHornedLizards_125
15421,cluster_TexasHornedLizards_11
15422,cluster_TexasHornedLizards_74
15423,cluster_TexasHornedLizards_58
15424,cluster_TexasHornedLizards_93
15425,cluster_TexasHornedLizards_157
15426,cluster_TexasHornedLizards_60
15427,cluster_TexasHornedLizards_55
15428,cluster_TexasHornedLizards_62
15429,cluster_TexasHornedLizards_99
15430,cluster_TexasHornedLizards_67
15431,cluster_TexasHornedLizards_114
15432,cluster_TexasHornedLizards_94
15433,cluster_TexasHornedLizards_70
15434,cluster_TexasHornedLizards_57
15435,cluster_TexasHornedLizards_86
15436,cluster_TexasHornedLizards_10
15437,cluster_TexasHornedLizards_54
15438,cluster_TexasHornedLizards_79
15439,cluster_TexasHornedLizards_30
15440,cluster_TexasHornedLizards_33
15441,cluster_TexasHornedLizards_78
15442,cluster_TexasHornedLizards_63
15443,cluster_TexasHornedLizards_5
15444,cluster_TexasHornedLizards_48
15445,cluster_TexasHornedLizards_20
15446,cluster_TexasHornedLizards_56
15447,cluster_TexasHornedLizards_47
15448,cluster_TexasHornedLizards_41
15449,cluster_TexasHornedLizards_10
15450,cluster_TexasHornedLizards_51
15451,cluster_TexasHornedLizards_1
15452,cluster_TexasHornedLizards_100
15453,cluster_TexasHornedLizards_85
15454,cluster_TexasHornedLizards_29
15455,cluster_TexasHornedLizards_36
15456,cluster_TexasHornedLizards_131
15457,cluster_TexasHornedLizards_64
15458,cluster_TexasHornedLizards_26
15459,cluster_TexasHornedLizards_50
15460,cluster_TexasHornedLizards_45
15461,cluster_TexasHornedLizards_65
15462,cluster_TexasHornedLizards_49
15463,cluster_TexasHornedLizards_39
15464,cluster_TexasHornedLizards_31
15465,cluster_TexasHornedLizards_20
15466,cluster_TexasHornedLizards_27
15467,cluster_TexasHornedLizards_25
15468,cluster_TexasHornedLizards_23
15469,cluster_TexasHornedLizards_12
15470,cluster_TexasHornedLizards_46
15471,cluster_TexasHornedLizards_17
15472,cluster_TexasHornedLizards_14
15473,cluster_TexasHornedLizards_24
15474,cluster_TexasHornedLizards_28
15475,cluster_TexasHornedLizards_13
15476,cluster_TexasHornedLizards_38
15477,cluster_TexasHornedLizards_22
15478,cluster_TexasHornedLizards_34
15479,cluster_TexasHornedLizards_18
15480,cluster_TexasHornedLizards_16
15481,cluster_TexasHornedLizards_32
15482,cluster_TexasHornedLizards_6
